{"stats":{"minecraft:picked_up":{"minecraft:fishing_rod":1,"minecraft:crafting_table":1,"crabbersdelight:crab":6,"minecraft:spruce_fence":1,"oceansdelight:guardian":1,"minecraft:oak_log":5,"minecraft:dark_prismarine":2,"minecraft:blue_bed":4,"quark:blossom_planks":3,"minecraft:soul_soil":1,"supplementaries:sign_post_oak":2,"minecraft:dark_prismarine_slab":1,"minecraft:wheat_seeds":1,"minecraft:dark_prismarine_stairs":1,"delightful:acorn":1,"minecraft:prismarine":3,"minecraft:melon_slice":5,"twigs:twig":1,"minecraft:oak_sapling":2,"delightful:green_tea_leaf":1,"minecraft:cod":1,"alexsmobs:flying_fish":1},"minecraft:killed":{"crabbersdelight:crab":6,"minecraft:player":1},"minecraft:crafted":{"minecraft:torch":8},"minecraft:dropped":{"minecraft:wheat_seeds":1,"minecraft:soul_soil":1,"supplementaries:sign_post_oak":1,"minecraft:fishing_rod":1},"minecraft:custom":{"minecraft:time_since_rest":1636,"minecraft:sprint_one_cm":58295,"minecraft:damage_taken":945,"minecraft:walk_one_cm":60821,"minecraft:mob_kills":6,"minecraft:drop":4,"minecraft:damage_dealt":870,"minecraft:interact_with_cartography_table":1,"minecraft:swim_one_cm":59422,"minecraft:interact_with_crafting_table":2,"minecraft:fly_one_cm":98483,"minecraft:player_kills":1,"minecraft:open_barrel":7,"minecraft:open_chest":8,"minecraft:crouch_one_cm":43,"minecraft:play_time":50503,"minecraft:deaths":2,"minecraft:sneak_time":245,"minecraft:walk_under_water_one_cm":22083,"minecraft:boat_one_cm":171540,"minecraft:jump":565,"minecraft:leave_game":2,"minecraft:time_since_death":13079,"minecraft:walk_on_water_one_cm":13779,"minecraft:sleep_in_bed":3,"minecraft:total_world_time":50503,"minecraft:climb_one_cm":4445,"minecraft:fall_one_cm":13763},"minecraft:mined":{"supplementaries:sign_post":1,"minecraft:crafting_table":1,"minecraft:grass":7,"biomesoplenty:clover":4,"minecraft:oak_log":5,"biomesoplenty:high_grass":16,"minecraft:melon":1,"biomesoplenty:high_grass_plant":18,"minecraft:soul_campfire":1,"minecraft:oak_leaves":1,"minecraft:blue_bed":4},"minecraft:killed_by":{"mowziesmobs:foliaath":1},"minecraft:used":{"alexsmobs:flying_fish":1,"minecraft:melon_slice":5,"minecraft:iron_helmet":1,"crabbersdelight:crab":6,"minecraft:blue_bed":3,"minecraft:cooked_porkchop":2,"minecraft:cod":1,"minecraft:spruce_fence":1,"delightful:acorn":1}},"DataVersion":3465}