{"stats":{"minecraft:picked_up":{"minecraft:crafting_table":1,"crabbersdelight:crab":6,"delightful:acorn":1,"minecraft:oak_log":5,"minecraft:oak_sapling":2,"twigs:twig":1,"delightful:green_tea_leaf":1},"minecraft:killed":{"crabbersdelight:crab":6,"minecraft:player":1},"minecraft:custom":{"minecraft:open_barrel":5,"minecraft:time_since_rest":14393,"minecraft:open_chest":3,"minecraft:play_time":14393,"minecraft:sprint_one_cm":8103,"minecraft:damage_taken":207,"minecraft:walk_one_cm":13475,"minecraft:sneak_time":52,"minecraft:walk_under_water_one_cm":3330,"minecraft:mob_kills":6,"minecraft:jump":140,"minecraft:damage_dealt":840,"minecraft:leave_game":1,"minecraft:walk_on_water_one_cm":3016,"minecraft:time_since_death":14393,"minecraft:climb_one_cm":550,"minecraft:total_world_time":14393,"minecraft:swim_one_cm":10485,"minecraft:interact_with_crafting_table":2,"minecraft:fall_one_cm":1045,"minecraft:fly_one_cm":15461,"minecraft:player_kills":1},"minecraft:mined":{"minecraft:grass":2,"minecraft:oak_log":5,"minecraft:oak_leaves":1,"minecraft:crafting_table":1},"minecraft:used":{"delightful:acorn":1,"crabbersdelight:crab":6}},"DataVersion":3465}