{"stats":{"minecraft:custom":{"minecraft:jump":28,"minecraft:time_since_rest":1577,"minecraft:leave_game":1,"minecraft:damage_dealt":220,"minecraft:walk_on_water_one_cm":584,"minecraft:sprint_one_cm":446,"minecraft:play_time":1577,"minecraft:damage_taken":187,"minecraft:time_since_death":1577,"minecraft:walk_one_cm":2790,"minecraft:climb_one_cm":6,"minecraft:total_world_time":1577,"minecraft:walk_under_water_one_cm":2341,"minecraft:swim_one_cm":3826,"minecraft:fly_one_cm":871,"minecraft:player_kills":1},"minecraft:killed":{"minecraft:player":1}},"DataVersion":3465}