{"stats":{"minecraft:picked_up":{"supplementaries:sign_post_oak":2,"minecraft:crafting_table":1,"crabbersdelight:crab":6,"minecraft:spruce_fence":1,"delightful:acorn":1,"minecraft:oak_log":5,"minecraft:oak_sapling":2,"twigs:twig":1,"minecraft:melon_slice":5,"delightful:green_tea_leaf":1},"minecraft:killed":{"crabbersdelight:crab":6,"minecraft:player":1},"minecraft:dropped":{"supplementaries:sign_post_oak":1},"minecraft:custom":{"minecraft:open_barrel":6,"minecraft:time_since_rest":26503,"minecraft:open_chest":3,"minecraft:play_time":26503,"minecraft:sprint_one_cm":16222,"minecraft:damage_taken":207,"minecraft:walk_one_cm":24614,"minecraft:sneak_time":77,"minecraft:walk_under_water_one_cm":4032,"minecraft:mob_kills":6,"minecraft:drop":1,"minecraft:jump":214,"minecraft:damage_dealt":840,"minecraft:leave_game":2,"minecraft:walk_on_water_one_cm":3144,"minecraft:time_since_death":26503,"minecraft:climb_one_cm":1725,"minecraft:total_world_time":26503,"minecraft:interact_with_crafting_table":2,"minecraft:swim_one_cm":13863,"minecraft:fall_one_cm":2566,"minecraft:fly_one_cm":28685,"minecraft:player_kills":1},"minecraft:mined":{"minecraft:grass":2,"minecraft:oak_log":5,"minecraft:melon":1,"supplementaries:sign_post":1,"minecraft:oak_leaves":1,"minecraft:crafting_table":1},"minecraft:used":{"minecraft:melon_slice":1,"crabbersdelight:crab":6,"minecraft:spruce_fence":1,"delightful:acorn":1}},"DataVersion":3465}