{"stats":{"minecraft:picked_up":{"minecraft:crafting_table":1,"crabbersdelight:crab":6,"minecraft:spruce_fence":1,"minecraft:oak_log":5,"minecraft:blue_bed":3,"quark:blossom_planks":3,"minecraft:soul_soil":1,"supplementaries:sign_post_oak":2,"delightful:acorn":1,"minecraft:melon_slice":5,"twigs:twig":1,"minecraft:oak_sapling":2,"delightful:green_tea_leaf":1,"alexsmobs:flying_fish":1},"minecraft:killed":{"crabbersdelight:crab":6,"minecraft:player":1},"minecraft:dropped":{"minecraft:soul_soil":1,"supplementaries:sign_post_oak":1},"minecraft:custom":{"minecraft:time_since_rest":1114,"minecraft:sprint_one_cm":47814,"minecraft:damage_taken":707,"minecraft:walk_one_cm":51041,"minecraft:mob_kills":6,"minecraft:drop":2,"minecraft:damage_dealt":850,"minecraft:interact_with_cartography_table":1,"minecraft:swim_one_cm":40140,"minecraft:interact_with_crafting_table":2,"minecraft:fly_one_cm":82678,"minecraft:player_kills":1,"minecraft:open_barrel":6,"minecraft:open_chest":4,"minecraft:crouch_one_cm":43,"minecraft:play_time":38503,"minecraft:deaths":2,"minecraft:sneak_time":204,"minecraft:walk_under_water_one_cm":12391,"minecraft:boat_one_cm":12096,"minecraft:jump":473,"minecraft:leave_game":2,"minecraft:time_since_death":1079,"minecraft:walk_on_water_one_cm":8936,"minecraft:sleep_in_bed":2,"minecraft:total_world_time":38503,"minecraft:climb_one_cm":4445,"minecraft:fall_one_cm":11437},"minecraft:mined":{"supplementaries:sign_post":1,"minecraft:crafting_table":1,"minecraft:grass":2,"minecraft:oak_log":5,"minecraft:melon":1,"minecraft:soul_campfire":1,"minecraft:oak_leaves":1,"minecraft:blue_bed":3},"minecraft:killed_by":{"mowziesmobs:foliaath":1},"minecraft:used":{"minecraft:melon_slice":5,"crabbersdelight:crab":6,"minecraft:blue_bed":2,"minecraft:spruce_fence":1,"delightful:acorn":1}},"DataVersion":3465}