{"stats":{"minecraft:killed":{"minecraft:player":1},"minecraft:custom":{"minecraft:jump":28,"minecraft:time_since_rest":2393,"minecraft:damage_dealt":220,"minecraft:damage_taken":187,"minecraft:leave_game":1,"minecraft:sprint_one_cm":446,"minecraft:play_time":2393,"minecraft:time_since_death":2393,"minecraft:walk_on_water_one_cm":584,"minecraft:walk_one_cm":2790,"minecraft:total_world_time":2393,"minecraft:climb_one_cm":6,"minecraft:walk_under_water_one_cm":2341,"minecraft:swim_one_cm":3826,"minecraft:fly_one_cm":871,"minecraft:player_kills":1}},"DataVersion":3465}