{"stats":{"minecraft:crafted":{"minecraft:oak_planks":204,"minecraft:crafting_table":3,"minecraft:spruce_planks":12,"minecraft:wooden_pickaxe":1,"minecraft:baked_potato":34,"minecraft:furnace":2,"minecraft:stone_axe":1,"minecraft:cooked_mutton":4,"minecraft:air":0,"minecraft:oak_boat":1,"minecraft:shield":2,"minecraft:stick":16,"quark:oak_chest":1,"minecraft:iron_ingot":2,"minecraft:stone_pickaxe":1,"minecraft:torch":8},"minecraft:mined":{"minecraft:tuff":7,"minecraft:white_bed":3,"minecraft:crafting_table":2,"minecraft:torch":2,"minecraft:grass_block":1,"twigs:roseate_seashell":1,"minecraft:rose_bush":1,"minecraft:tall_grass":1,"minecraft:spruce_leaves":1,"minecraft:diorite":1,"minecraft:wall_torch":2,"minecraft:furnace":4,"minecraft:wheat":4,"minecraft:spruce_log":4,"minecraft:grass":7,"minecraft:oak_log":53,"minecraft:coal_ore":17,"minecraft:deepslate_iron_ore":2,"minecraft:dirt":4,"minecraft:stone":21,"minecraft:deepslate":4},"minecraft:custom":{"minecraft:interact_with_smithing_table":1,"minecraft:interact_with_furnace":27,"minecraft:mob_kills":12,"minecraft:interact_with_crafting_table":15,"minecraft:open_barrel":8,"minecraft:time_since_death":42195,"minecraft:sleep_in_bed":3,"minecraft:climb_one_cm":5271,"minecraft:time_since_rest":15997,"minecraft:sprint_one_cm":52711,"minecraft:damage_taken":270,"minecraft:walk_one_cm":129520,"minecraft:drop":3,"minecraft:damage_dealt":1510,"minecraft:swim_one_cm":14571,"minecraft:fly_one_cm":108958,"minecraft:open_chest":11,"minecraft:crouch_one_cm":4551,"minecraft:play_time":42195,"minecraft:sneak_time":1699,"minecraft:walk_under_water_one_cm":9576,"minecraft:boat_one_cm":28924,"minecraft:jump":628,"minecraft:walk_on_water_one_cm":12616,"minecraft:total_world_time":42195,"minecraft:fall_one_cm":17638},"minecraft:used":{"minecraft:wheat_seeds":5,"minecraft:cooked_mutton":2,"minecraft:stone_pickaxe":49,"minecraft:wooden_pickaxe":6,"minecraft:torch":12,"farmersdelight:onion":10,"minecraft:dirt":5,"minecraft:crafting_table":4,"minecraft:white_bed":4,"minecraft:tuff":4,"minecraft:iron_pickaxe":3,"minecraft:stone_axe":99,"minecraft:diamond_sword":5,"minecraft:cobblestone":3,"minecraft:furnace":3,"quark:oak_chest":1,"minecraft:oak_boat":1},"minecraft:killed":{"minecraft:spider":1,"minecraft:sheep":3,"minecraft:skeleton":1,"alexsmobs:catfish":1,"minecraft:zombie":2,"crabbersdelight:crab":3,"whatareyouvotingfor:armadillo":1},"minecraft:dropped":{"minecraft:rotten_flesh":2,"minecraft:rose_bush":1},"minecraft:picked_up":{"minecraft:crafting_table":2,"minecraft:wheat":1,"twigs:roseate_seashell":1,"minecraft:diamond_sword":1,"minecraft:tuff":7,"minecraft:oak_log":51,"minecraft:dirt":8,"minecraft:string":1,"minecraft:apple":1,"minecraft:wheat_seeds":6,"minecraft:cobbled_deepslate":5,"minecraft:iron_ingot":1,"minecraft:rose_bush":1,"twigs:twig":6,"minecraft:oak_planks":57,"minecraft:furnace":4,"minecraft:raw_iron":4,"crabbersdelight:crab":3,"minecraft:torch":6,"minecraft:spruce_sapling":1,"minecraft:diorite":1,"minecraft:spruce_log":4,"minecraft:white_bed":4,"minecraft:spider_eye":1,"minecraft:rotten_flesh":5,"waystones:waystone":1,"minecraft:oak_sapling":3,"minecraft:mutton":4,"minecraft:coal":22,"minecraft:white_wool":2,"minecraft:cobblestone":23}},"DataVersion":3465}