{"stats":{"minecraft:picked_up":{"minecraft:leather_chestplate":1,"minecraft:crafting_table":3,"minecraft:wheat":1,"minecraft:andesite":1,"twigs:roseate_seashell":1,"minecraft:diamond_sword":1,"minecraft:tuff":24,"minecraft:oak_log":51,"minecraft:lily_pad":1,"spawnersplus:spawner_fragment":1,"minecraft:gunpowder":2,"minecraft:dirt":8,"minecraft:string":1,"minecraft:apple":1,"minecraft:wheat_seeds":6,"minecraft:cobbled_deepslate":63,"minecraft:iron_ingot":1,"minecraft:oak_boat":1,"minecraft:rose_bush":1,"minecraft:melon_slice":17,"twigs:twig":6,"minecraft:prismarine":1,"minecraft:oak_planks":80,"minecraft:furnace":4,"minecraft:raw_iron":31,"crabbersdelight:crab":3,"minecraft:torch":8,"minecraft:spruce_fence":1,"minecraft:ink_sac":3,"minecraft:spruce_sapling":1,"minecraft:diorite":2,"minecraft:white_bed":4,"minecraft:spruce_log":4,"minecraft:spider_eye":1,"minecraft:mossy_cobblestone":3,"minecraft:rotten_flesh":11,"minecraft:diamond":1,"waystones:waystone":1,"minecraft:iron_helmet":1,"minecraft:black_banner":1,"supplementaries:ash":5,"twigs:rhyolite":14,"minecraft:oak_sapling":6,"minecraft:mutton":4,"minecraft:coal":30,"minecraft:skeleton_skull":2,"minecraft:white_wool":2,"minecraft:cobblestone":55},"minecraft:killed":{"minecraft:cave_spider":1,"minecraft:spider":1,"minecraft:creeper":2,"minecraft:sheep":3,"minecraft:skeleton":4,"alexsmobs:catfish":1,"minecraft:zombie":7,"crabbersdelight:crab":3,"whatareyouvotingfor:armadillo":1},"minecraft:crafted":{"minecraft:oak_planks":204,"minecraft:crafting_table":3,"minecraft:spruce_planks":12,"minecraft:wooden_pickaxe":1,"minecraft:baked_potato":34,"minecraft:furnace":3,"minecraft:stone_axe":1,"minecraft:cooked_mutton":4,"minecraft:air":0,"minecraft:oak_boat":1,"minecraft:iron_boots":1,"minecraft:shield":2,"minecraft:stick":32,"quark:oak_chest":1,"minecraft:iron_ingot":18,"minecraft:stone_pickaxe":1,"minecraft:iron_leggings":1,"minecraft:torch":104},"minecraft:dropped":{"minecraft:stone_axe":1,"minecraft:baked_potato":15,"twigs:roseate_seashell":1,"minecraft:feather":2,"minecraft:cobblestone":25,"minecraft:rotten_flesh":11,"minecraft:oak_planks":23,"minecraft:black_banner":1,"minecraft:diorite":2,"minecraft:skeleton_skull":1,"minecraft:andesite":1,"minecraft:rose_bush":1,"minecraft:oak_sapling":6,"minecraft:gold_nugget":2,"minecraft:wooden_pickaxe":1,"minecraft:string":1,"twigs:twig":6},"minecraft:custom":{"minecraft:interact_with_smithing_table":1,"minecraft:interact_with_furnace":51,"minecraft:mob_kills":25,"minecraft:interact_with_crafting_table":21,"minecraft:open_barrel":24,"minecraft:leave_game":7,"minecraft:time_since_death":52480,"minecraft:sleep_in_bed":4,"minecraft:climb_one_cm":32786,"minecraft:time_since_rest":34869,"minecraft:sprint_one_cm":150914,"minecraft:damage_taken":1319,"minecraft:walk_one_cm":335155,"minecraft:damage_blocked_by_shield":110,"minecraft:drop":60,"minecraft:damage_dealt":3907,"minecraft:swim_one_cm":30236,"minecraft:fly_one_cm":257217,"minecraft:open_chest":16,"minecraft:crouch_one_cm":11627,"minecraft:play_time":111680,"minecraft:deaths":2,"minecraft:sneak_time":4307,"minecraft:walk_under_water_one_cm":20028,"minecraft:boat_one_cm":183418,"minecraft:jump":1538,"minecraft:walk_on_water_one_cm":17848,"minecraft:total_world_time":111680,"minecraft:fall_one_cm":42041},"minecraft:mined":{"minecraft:tuff":23,"minecraft:white_bed":3,"minecraft:mossy_cobblestone":3,"minecraft:deepslate_diamond_ore":1,"minecraft:crafting_table":3,"minecraft:torch":2,"minecraft:grass_block":2,"twigs:roseate_seashell":1,"minecraft:rose_bush":1,"minecraft:tall_grass":1,"minecraft:cobblestone":1,"minecraft:spruce_leaves":5,"minecraft:prismarine":1,"minecraft:diorite":2,"minecraft:wall_torch":3,"minecraft:skeleton_skull":2,"supplementaries:urn":1,"minecraft:furnace":4,"twigs:tangerine_seashell":1,"minecraft:iron_ore":21,"minecraft:wheat":4,"minecraft:cobbled_deepslate":2,"minecraft:spruce_log":4,"minecraft:andesite":1,"minecraft:grass":7,"minecraft:coal_ore":25,"minecraft:oak_log":53,"minecraft:vine":2,"minecraft:deepslate_iron_ore":8,"minecraft:dirt":5,"twigs:rhyolite":14,"minecraft:stone":51,"biomesoplenty:spider_egg":1,"minecraft:deepslate":62},"minecraft:killed_by":{"minecraft:player":1,"minecraft:creeper":1},"minecraft:used":{"minecraft:wheat_seeds":5,"minecraft:cooked_mutton":4,"minecraft:stone_pickaxe":49,"minecraft:prismarine":1,"minecraft:baked_potato":6,"minecraft:oak_planks":2,"minecraft:wooden_pickaxe":6,"minecraft:shield":3,"minecraft:torch":103,"minecraft:mossy_cobblestone":3,"farmersdelight:onion":10,"minecraft:dirt":5,"minecraft:crafting_table":5,"minecraft:white_bed":4,"minecraft:tuff":4,"minecraft:apple":7,"minecraft:melon_slice":1,"minecraft:bread":1,"minecraft:iron_pickaxe":168,"minecraft:stone_axe":103,"minecraft:diamond_sword":40,"minecraft:cobblestone":8,"minecraft:furnace":7,"quark:oak_chest":1,"minecraft:oak_boat":2,"minecraft:experience_bottle":9}},"DataVersion":3465}