{"stats":{"minecraft:picked_up":{"minecraft:crafting_table":3,"minecraft:wheat":1,"minecraft:andesite":1,"twigs:roseate_seashell":1,"minecraft:diamond_sword":1,"minecraft:tuff":24,"minecraft:oak_log":51,"minecraft:gunpowder":2,"minecraft:dirt":8,"minecraft:string":1,"minecraft:apple":1,"minecraft:wheat_seeds":6,"minecraft:cobbled_deepslate":63,"minecraft:iron_ingot":1,"minecraft:rose_bush":1,"twigs:twig":6,"minecraft:oak_planks":57,"minecraft:furnace":4,"minecraft:raw_iron":30,"crabbersdelight:crab":3,"minecraft:torch":8,"minecraft:spruce_fence":1,"minecraft:spruce_sapling":1,"minecraft:diorite":2,"minecraft:white_bed":4,"minecraft:spruce_log":4,"minecraft:spider_eye":1,"minecraft:mossy_cobblestone":3,"minecraft:rotten_flesh":11,"minecraft:diamond":1,"waystones:waystone":1,"minecraft:iron_helmet":1,"minecraft:black_banner":1,"supplementaries:ash":5,"twigs:rhyolite":14,"minecraft:oak_sapling":6,"minecraft:mutton":4,"minecraft:coal":24,"minecraft:skeleton_skull":2,"minecraft:white_wool":2,"minecraft:cobblestone":52},"minecraft:killed":{"minecraft:cave_spider":1,"minecraft:spider":1,"minecraft:creeper":1,"minecraft:sheep":3,"minecraft:skeleton":4,"alexsmobs:catfish":1,"minecraft:zombie":7,"crabbersdelight:crab":3,"whatareyouvotingfor:armadillo":1},"minecraft:crafted":{"minecraft:oak_planks":204,"minecraft:crafting_table":3,"minecraft:spruce_planks":12,"minecraft:wooden_pickaxe":1,"minecraft:baked_potato":34,"minecraft:furnace":2,"minecraft:stone_axe":1,"minecraft:cooked_mutton":4,"minecraft:air":0,"minecraft:oak_boat":1,"minecraft:iron_boots":1,"minecraft:shield":2,"minecraft:stick":32,"quark:oak_chest":1,"minecraft:iron_ingot":18,"minecraft:stone_pickaxe":1,"minecraft:iron_leggings":1,"minecraft:torch":104},"minecraft:dropped":{"minecraft:stone_axe":1,"minecraft:baked_potato":15,"twigs:roseate_seashell":1,"minecraft:feather":2,"minecraft:cobblestone":25,"minecraft:rotten_flesh":6,"minecraft:black_banner":1,"minecraft:diorite":2,"minecraft:rose_bush":1,"minecraft:oak_sapling":6,"minecraft:gold_nugget":2,"minecraft:wooden_pickaxe":1,"minecraft:string":1,"twigs:twig":6},"minecraft:custom":{"minecraft:interact_with_smithing_table":1,"minecraft:interact_with_furnace":46,"minecraft:mob_kills":24,"minecraft:interact_with_crafting_table":19,"minecraft:open_barrel":8,"minecraft:leave_game":7,"minecraft:time_since_death":28480,"minecraft:sleep_in_bed":4,"minecraft:climb_one_cm":24257,"minecraft:time_since_rest":10869,"minecraft:sprint_one_cm":123949,"minecraft:damage_taken":1231,"minecraft:walk_one_cm":285436,"minecraft:damage_blocked_by_shield":110,"minecraft:drop":56,"minecraft:damage_dealt":3606,"minecraft:swim_one_cm":14571,"minecraft:fly_one_cm":209704,"minecraft:open_chest":12,"minecraft:crouch_one_cm":10538,"minecraft:play_time":87680,"minecraft:deaths":2,"minecraft:sneak_time":3883,"minecraft:walk_under_water_one_cm":9576,"minecraft:boat_one_cm":28924,"minecraft:jump":1261,"minecraft:walk_on_water_one_cm":13421,"minecraft:total_world_time":87680,"minecraft:fall_one_cm":36802},"minecraft:mined":{"minecraft:tuff":23,"minecraft:white_bed":3,"minecraft:mossy_cobblestone":3,"minecraft:deepslate_diamond_ore":1,"minecraft:crafting_table":3,"minecraft:torch":2,"minecraft:grass_block":1,"twigs:roseate_seashell":1,"minecraft:rose_bush":1,"minecraft:tall_grass":1,"minecraft:cobblestone":1,"minecraft:spruce_leaves":5,"minecraft:diorite":2,"minecraft:wall_torch":3,"minecraft:skeleton_skull":2,"supplementaries:urn":1,"minecraft:furnace":4,"minecraft:iron_ore":20,"minecraft:wheat":4,"minecraft:cobbled_deepslate":2,"minecraft:spruce_log":4,"minecraft:andesite":1,"minecraft:grass":7,"minecraft:coal_ore":19,"minecraft:oak_log":53,"minecraft:vine":2,"minecraft:deepslate_iron_ore":8,"minecraft:dirt":4,"twigs:rhyolite":14,"minecraft:stone":48,"biomesoplenty:spider_egg":1,"minecraft:deepslate":62},"minecraft:killed_by":{"minecraft:player":1,"minecraft:creeper":1},"minecraft:used":{"minecraft:wheat_seeds":5,"minecraft:cooked_mutton":3,"minecraft:stone_pickaxe":49,"minecraft:baked_potato":4,"minecraft:oak_planks":2,"minecraft:wooden_pickaxe":6,"minecraft:shield":3,"minecraft:torch":97,"minecraft:mossy_cobblestone":2,"farmersdelight:onion":10,"minecraft:dirt":5,"minecraft:crafting_table":4,"minecraft:white_bed":4,"minecraft:tuff":4,"minecraft:apple":4,"minecraft:bread":1,"minecraft:iron_pickaxe":157,"minecraft:stone_axe":103,"minecraft:diamond_sword":36,"minecraft:cobblestone":7,"minecraft:furnace":6,"quark:oak_chest":1,"minecraft:oak_boat":1}},"DataVersion":3465}