{"stats":{"minecraft:crafted":{"minecraft:crafting_table":1,"minecraft:spruce_planks":12,"minecraft:stick":8,"minecraft:wooden_pickaxe":1,"minecraft:stone_pickaxe":1,"minecraft:stone_axe":1},"minecraft:mined":{"minecraft:wheat":4,"minecraft:spruce_log":3,"minecraft:crafting_table":1,"minecraft:grass_block":1,"twigs:roseate_seashell":1,"minecraft:dirt":2,"minecraft:tall_grass":1,"minecraft:spruce_leaves":1,"minecraft:stone":6},"minecraft:custom":{"minecraft:time_since_rest":6195,"minecraft:interact_with_smithing_table":1,"minecraft:sprint_one_cm":11353,"minecraft:damage_taken":10,"minecraft:walk_one_cm":17904,"minecraft:mob_kills":4,"minecraft:damage_dealt":460,"minecraft:interact_with_crafting_table":3,"minecraft:fly_one_cm":29883,"minecraft:open_chest":1,"minecraft:crouch_one_cm":727,"minecraft:play_time":6195,"minecraft:sneak_time":139,"minecraft:jump":133,"minecraft:walk_on_water_one_cm":69,"minecraft:time_since_death":6195,"minecraft:climb_one_cm":2568,"minecraft:total_world_time":6195,"minecraft:fall_one_cm":4389},"minecraft:used":{"minecraft:wheat_seeds":5,"minecraft:wooden_pickaxe":6,"minecraft:stone_axe":9,"minecraft:crafting_table":1},"minecraft:killed":{"minecraft:spider":1,"crabbersdelight:crab":3},"minecraft:picked_up":{"minecraft:crafting_table":1,"minecraft:wheat":1,"crabbersdelight:crab":3,"twigs:roseate_seashell":1,"minecraft:spruce_sapling":1,"minecraft:spruce_log":3,"minecraft:spider_eye":1,"minecraft:string":1,"minecraft:dirt":3,"minecraft:wheat_seeds":5,"minecraft:cobblestone":6}},"DataVersion":3465}