{"stats":{"minecraft:picked_up":{"minecraft:crafting_table":3,"minecraft:wheat":1,"twigs:roseate_seashell":1,"minecraft:diamond_sword":1,"spawnersplus:spawner_fragment":1,"minecraft:string":3,"minecraft:zombie_head":1,"minecraft:cobbled_deepslate":63,"minecraft:oak_boat":3,"minecraft:rose_bush":2,"minecraft:melon_slice":17,"minecraft:furnace":4,"minecraft:stick":4,"minecraft:raw_iron":31,"minecraft:torch":12,"minecraft:spruce_fence":1,"minecraft:diorite":2,"minecraft:rotten_flesh":11,"minecraft:black_banner":1,"supplementaries:ash":5,"minecraft:mutton":4,"minecraft:white_wool":2,"minecraft:skeleton_skull":2,"alexsmobs:flying_fish":1,"minecraft:cobblestone":55,"minecraft:leather_chestplate":1,"minecraft:tripwire_hook":1,"minecraft:andesite":1,"minecraft:smoker":1,"minecraft:tuff":24,"minecraft:prismarine_bricks":2,"minecraft:oak_log":51,"minecraft:lily_pad":1,"minecraft:gunpowder":2,"minecraft:dirt":8,"minecraft:apple":1,"minecraft:wheat_seeds":6,"minecraft:iron_ingot":1,"twigs:twig":6,"minecraft:prismarine":1,"minecraft:oxidized_cut_copper":2,"minecraft:oak_planks":80,"crabbersdelight:crab":3,"minecraft:spruce_sapling":1,"minecraft:ink_sac":3,"minecraft:white_bed":4,"minecraft:spruce_log":4,"minecraft:spider_eye":1,"minecraft:mossy_cobblestone":3,"minecraft:diamond":1,"waystones:waystone":1,"minecraft:iron_helmet":1,"minecraft:oak_sapling":6,"twigs:rhyolite":14,"minecraft:coal":59},"minecraft:killed":{"minecraft:cave_spider":1,"minecraft:spider":1,"minecraft:skeleton":4,"crabbersdelight:crab":3,"alexsmobs:flying_fish":1,"minecraft:creeper":2,"minecraft:sheep":3,"alexsmobs:catfish":1,"minecraft:zombie":7,"whatareyouvotingfor:armadillo":1},"minecraft:broken":{"minecraft:fishing_rod":1},"minecraft:dropped":{"minecraft:baked_potato":20,"minecraft:oxidized_cut_copper":2,"minecraft:feather":2,"minecraft:cobblestone":25,"minecraft:black_banner":1,"minecraft:stick":2,"minecraft:diorite":2,"minecraft:rose_bush":1,"minecraft:gold_nugget":2,"minecraft:string":3,"minecraft:tripwire_hook":1,"twigs:twig":6,"minecraft:stone_axe":1,"twigs:roseate_seashell":1,"minecraft:tuff":17,"minecraft:rotten_flesh":11,"minecraft:oak_planks":23,"minecraft:carrot":10,"minecraft:skeleton_skull":1,"minecraft:andesite":1,"minecraft:oak_sapling":6,"minecraft:wooden_pickaxe":1,"minecraft:prismarine_bricks":2},"minecraft:crafted":{"minecraft:oak_planks":204,"minecraft:furnace":4,"minecraft:cooked_mutton":4,"minecraft:iron_boots":1,"minecraft:stone_pickaxe":1,"minecraft:cooked_cod":31,"minecraft:crafting_table":3,"minecraft:spruce_planks":12,"minecraft:wooden_pickaxe":1,"minecraft:baked_potato":34,"minecraft:cooked_salmon":5,"minecraft:stone_axe":1,"minecraft:air":0,"crabbersdelight:cooked_tropical_fish":3,"minecraft:oak_boat":1,"minecraft:shield":2,"minecraft:stick":32,"quark:oak_chest":1,"minecraft:iron_ingot":18,"minecraft:iron_leggings":1,"minecraft:torch":104},"minecraft:custom":{"minecraft:interact_with_smithing_table":1,"minecraft:mob_kills":26,"minecraft:interact_with_crafting_table":23,"minecraft:open_barrel":26,"minecraft:leave_game":8,"minecraft:time_since_death":76214,"minecraft:climb_one_cm":32786,"minecraft:sprint_one_cm":186419,"minecraft:walk_one_cm":394885,"minecraft:damage_blocked_by_shield":110,"minecraft:drop":72,"minecraft:play_time":135414,"minecraft:deaths":2,"minecraft:sneak_time":4448,"minecraft:walk_under_water_one_cm":24347,"minecraft:boat_one_cm":309638,"minecraft:jump":1833,"minecraft:walk_on_water_one_cm":27204,"minecraft:total_world_time":135414,"minecraft:interact_with_furnace":68,"minecraft:sleep_in_bed":4,"minecraft:time_since_rest":58603,"minecraft:damage_taken":1361,"minecraft:damage_dealt":3981,"minecraft:swim_one_cm":36476,"minecraft:fly_one_cm":319267,"minecraft:open_chest":24,"minecraft:crouch_one_cm":11988,"minecraft:interact_with_smoker":1,"minecraft:fish_caught":1,"minecraft:fall_one_cm":48915},"minecraft:mined":{"minecraft:dark_prismarine_stairs":1,"minecraft:dark_prismarine":3,"minecraft:tuff":23,"minecraft:white_bed":3,"minecraft:mossy_cobblestone":3,"minecraft:deepslate_diamond_ore":1,"minecraft:grass_block":2,"minecraft:spruce_leaves":5,"minecraft:furnace":4,"minecraft:iron_ore":21,"minecraft:cobbled_deepslate":2,"minecraft:andesite":1,"minecraft:azure_bluet":1,"biomesoplenty:high_grass":48,"minecraft:vine":2,"minecraft:deepslate_iron_ore":8,"minecraft:stone":51,"biomesoplenty:spider_egg":1,"minecraft:smoker":1,"minecraft:crafting_table":3,"minecraft:torch":2,"twigs:roseate_seashell":1,"minecraft:rose_bush":2,"biomesoplenty:high_grass_plant":103,"minecraft:tall_grass":10,"minecraft:cobblestone":1,"biomesoplenty:huge_clover_petal":1,"minecraft:prismarine":8,"minecraft:diorite":2,"minecraft:wall_torch":3,"minecraft:skeleton_skull":2,"supplementaries:urn":1,"minecraft:prismarine_bricks":1,"twigs:tangerine_seashell":1,"minecraft:wheat":4,"minecraft:spruce_log":4,"minecraft:grass":42,"biomesoplenty:clover":17,"minecraft:oak_log":53,"minecraft:coal_ore":25,"minecraft:dirt":5,"twigs:rhyolite":14,"minecraft:deepslate":62},"minecraft:killed_by":{"minecraft:player":1,"minecraft:creeper":1},"minecraft:used":{"minecraft:shield":3,"minecraft:torch":113,"minecraft:dirt":5,"minecraft:tuff":4,"minecraft:furnace":8,"minecraft:wheat_seeds":5,"minecraft:cooked_mutton":4,"minecraft:stone_pickaxe":51,"minecraft:prismarine":1,"minecraft:baked_potato":8,"minecraft:oak_planks":2,"minecraft:wooden_pickaxe":6,"minecraft:mossy_cobblestone":3,"farmersdelight:onion":10,"minecraft:crafting_table":5,"minecraft:white_bed":4,"minecraft:apple":7,"minecraft:melon_slice":3,"minecraft:bread":1,"minecraft:iron_pickaxe":180,"minecraft:stone_axe":103,"minecraft:fishing_rod":18,"minecraft:diamond_sword":42,"minecraft:cobblestone":8,"quark:oak_chest":1,"minecraft:oak_boat":3,"minecraft:experience_bottle":9}},"DataVersion":3465}