{"stats":{"minecraft:crafted":{"minecraft:crafting_table":1,"minecraft:spruce_planks":12,"minecraft:stick":8,"minecraft:wooden_pickaxe":1,"minecraft:stone_pickaxe":1,"minecraft:stone_axe":1},"minecraft:mined":{"minecraft:white_bed":2,"minecraft:wheat":4,"minecraft:spruce_log":4,"minecraft:crafting_table":1,"minecraft:grass":7,"minecraft:grass_block":1,"minecraft:oak_log":53,"twigs:roseate_seashell":1,"minecraft:rose_bush":1,"minecraft:dirt":2,"minecraft:tall_grass":1,"minecraft:spruce_leaves":1,"minecraft:stone":6},"minecraft:custom":{"minecraft:time_since_rest":9040,"minecraft:interact_with_smithing_table":1,"minecraft:interact_with_furnace":1,"minecraft:sprint_one_cm":22059,"minecraft:damage_taken":130,"minecraft:walk_one_cm":66985,"minecraft:mob_kills":7,"minecraft:damage_dealt":900,"minecraft:swim_one_cm":4900,"minecraft:interact_with_crafting_table":4,"minecraft:fly_one_cm":64515,"minecraft:open_barrel":6,"minecraft:open_chest":6,"minecraft:crouch_one_cm":762,"minecraft:play_time":18195,"minecraft:sneak_time":189,"minecraft:walk_under_water_one_cm":8451,"minecraft:jump":326,"minecraft:walk_on_water_one_cm":7588,"minecraft:time_since_death":18195,"minecraft:sleep_in_bed":1,"minecraft:climb_one_cm":2939,"minecraft:total_world_time":18195,"minecraft:fall_one_cm":10163},"minecraft:used":{"minecraft:wheat_seeds":5,"minecraft:wooden_pickaxe":6,"minecraft:stone_axe":94,"farmersdelight:onion":10,"minecraft:crafting_table":1,"minecraft:white_bed":2},"minecraft:killed":{"minecraft:skeleton":1,"alexsmobs:catfish":1,"minecraft:spider":1,"crabbersdelight:crab":3,"whatareyouvotingfor:armadillo":1},"minecraft:picked_up":{"minecraft:crafting_table":1,"minecraft:wheat":1,"crabbersdelight:crab":3,"twigs:roseate_seashell":1,"minecraft:oak_log":51,"minecraft:spruce_sapling":1,"minecraft:white_bed":2,"minecraft:spruce_log":4,"minecraft:spider_eye":1,"minecraft:string":1,"minecraft:dirt":3,"minecraft:apple":1,"minecraft:wheat_seeds":6,"minecraft:rose_bush":1,"twigs:twig":6,"minecraft:oak_sapling":3,"minecraft:cobblestone":6}},"DataVersion":3465}