{"stats":{"minecraft:picked_up":{"minecraft:crafting_table":3,"minecraft:wheat":1,"twigs:roseate_seashell":1,"minecraft:diamond_sword":1,"minecraft:tuff":7,"minecraft:oak_log":51,"minecraft:string":1,"minecraft:dirt":8,"minecraft:apple":1,"minecraft:wheat_seeds":6,"minecraft:cobbled_deepslate":5,"minecraft:iron_ingot":1,"minecraft:rose_bush":1,"twigs:twig":6,"minecraft:oak_planks":57,"minecraft:furnace":4,"minecraft:raw_iron":19,"crabbersdelight:crab":3,"minecraft:torch":7,"minecraft:spruce_fence":1,"minecraft:spruce_sapling":1,"minecraft:diorite":1,"minecraft:white_bed":4,"minecraft:spruce_log":4,"minecraft:spider_eye":1,"minecraft:rotten_flesh":6,"waystones:waystone":1,"minecraft:iron_helmet":1,"minecraft:oak_sapling":6,"minecraft:mutton":4,"minecraft:coal":24,"minecraft:white_wool":2,"minecraft:cobblestone":33},"minecraft:killed":{"minecraft:cave_spider":1,"minecraft:spider":1,"minecraft:sheep":3,"minecraft:skeleton":3,"alexsmobs:catfish":1,"minecraft:zombie":5,"crabbersdelight:crab":3,"whatareyouvotingfor:armadillo":1},"minecraft:dropped":{"twigs:roseate_seashell":1,"minecraft:feather":2,"minecraft:rotten_flesh":6,"minecraft:diorite":1,"minecraft:rose_bush":1,"minecraft:oak_sapling":6,"minecraft:gold_nugget":2,"minecraft:wooden_pickaxe":1,"minecraft:string":1,"twigs:twig":6},"minecraft:crafted":{"minecraft:oak_planks":204,"minecraft:crafting_table":3,"minecraft:spruce_planks":12,"minecraft:wooden_pickaxe":1,"minecraft:baked_potato":34,"minecraft:furnace":2,"minecraft:stone_axe":1,"minecraft:cooked_mutton":4,"minecraft:air":0,"minecraft:oak_boat":1,"minecraft:iron_boots":1,"minecraft:shield":2,"minecraft:stick":16,"quark:oak_chest":1,"minecraft:iron_ingot":18,"minecraft:stone_pickaxe":1,"minecraft:iron_leggings":1,"minecraft:torch":40},"minecraft:custom":{"minecraft:interact_with_smithing_table":1,"minecraft:interact_with_furnace":44,"minecraft:mob_kills":19,"minecraft:interact_with_crafting_table":19,"minecraft:open_barrel":8,"minecraft:leave_game":1,"minecraft:time_since_death":13958,"minecraft:sleep_in_bed":3,"minecraft:climb_one_cm":10852,"minecraft:time_since_rest":14068,"minecraft:sprint_one_cm":80366,"minecraft:damage_taken":908,"minecraft:walk_one_cm":196138,"minecraft:damage_blocked_by_shield":80,"minecraft:drop":13,"minecraft:damage_dealt":2612,"minecraft:swim_one_cm":14571,"minecraft:fly_one_cm":154611,"minecraft:open_chest":11,"minecraft:crouch_one_cm":5883,"minecraft:play_time":58674,"minecraft:deaths":1,"minecraft:sneak_time":2267,"minecraft:walk_under_water_one_cm":9576,"minecraft:boat_one_cm":28924,"minecraft:jump":879,"minecraft:walk_on_water_one_cm":13421,"minecraft:total_world_time":58674,"minecraft:fall_one_cm":25835},"minecraft:mined":{"minecraft:tuff":7,"minecraft:white_bed":3,"minecraft:crafting_table":3,"minecraft:torch":2,"minecraft:grass_block":1,"twigs:roseate_seashell":1,"minecraft:rose_bush":1,"minecraft:tall_grass":1,"minecraft:spruce_leaves":3,"minecraft:diorite":1,"minecraft:wall_torch":3,"minecraft:furnace":4,"minecraft:iron_ore":14,"minecraft:wheat":4,"minecraft:spruce_log":4,"minecraft:grass":7,"minecraft:coal_ore":19,"minecraft:oak_log":53,"minecraft:deepslate_iron_ore":3,"minecraft:dirt":4,"minecraft:stone":30,"biomesoplenty:spider_egg":1,"minecraft:deepslate":4},"minecraft:killed_by":{"minecraft:creeper":1},"minecraft:used":{"minecraft:wheat_seeds":5,"minecraft:cooked_mutton":2,"minecraft:stone_pickaxe":49,"minecraft:baked_potato":2,"minecraft:oak_planks":2,"minecraft:wooden_pickaxe":6,"minecraft:shield":2,"minecraft:torch":46,"farmersdelight:onion":10,"minecraft:dirt":5,"minecraft:crafting_table":4,"minecraft:white_bed":4,"minecraft:tuff":4,"minecraft:apple":3,"minecraft:bread":1,"minecraft:iron_pickaxe":29,"minecraft:stone_axe":101,"minecraft:diamond_sword":22,"minecraft:cobblestone":3,"minecraft:furnace":6,"quark:oak_chest":1,"minecraft:oak_boat":1}},"DataVersion":3465}