{"stats":{"minecraft:crafted":{"minecraft:oak_boat":1,"minecraft:oak_planks":204,"minecraft:crafting_table":2,"minecraft:spruce_planks":12,"minecraft:stick":8,"minecraft:wooden_pickaxe":1,"minecraft:stone_pickaxe":1,"minecraft:furnace":1,"minecraft:stone_axe":1,"minecraft:air":0,"minecraft:cooked_mutton":4},"minecraft:mined":{"minecraft:white_bed":2,"minecraft:wheat":4,"minecraft:spruce_log":4,"minecraft:crafting_table":1,"minecraft:grass":7,"minecraft:coal_ore":17,"minecraft:grass_block":1,"minecraft:oak_log":53,"twigs:roseate_seashell":1,"minecraft:rose_bush":1,"minecraft:dirt":4,"minecraft:tall_grass":1,"minecraft:spruce_leaves":1,"minecraft:stone":15,"minecraft:wall_torch":2},"minecraft:custom":{"minecraft:time_since_rest":3997,"minecraft:interact_with_smithing_table":1,"minecraft:interact_with_furnace":13,"minecraft:sprint_one_cm":31335,"minecraft:damage_taken":130,"minecraft:walk_one_cm":92119,"minecraft:mob_kills":10,"minecraft:drop":3,"minecraft:damage_dealt":1140,"minecraft:swim_one_cm":14571,"minecraft:interact_with_crafting_table":10,"minecraft:fly_one_cm":84006,"minecraft:open_barrel":6,"minecraft:open_chest":6,"minecraft:crouch_one_cm":1156,"minecraft:play_time":30195,"minecraft:sneak_time":333,"minecraft:walk_under_water_one_cm":9576,"minecraft:boat_one_cm":28924,"minecraft:jump":450,"minecraft:walk_on_water_one_cm":12616,"minecraft:time_since_death":30195,"minecraft:sleep_in_bed":3,"minecraft:climb_one_cm":4229,"minecraft:total_world_time":30195,"minecraft:fall_one_cm":12560},"minecraft:used":{"minecraft:cooked_mutton":2,"minecraft:wheat_seeds":5,"minecraft:stone_pickaxe":27,"minecraft:wooden_pickaxe":6,"minecraft:torch":4,"minecraft:stone_axe":98,"farmersdelight:onion":10,"minecraft:dirt":3,"minecraft:crafting_table":3,"minecraft:furnace":1,"minecraft:oak_boat":1,"minecraft:white_bed":3},"minecraft:dropped":{"minecraft:rose_bush":1,"minecraft:rotten_flesh":2},"minecraft:killed":{"minecraft:sheep":3,"minecraft:skeleton":1,"alexsmobs:catfish":1,"minecraft:spider":1,"crabbersdelight:crab":3,"whatareyouvotingfor:armadillo":1},"minecraft:picked_up":{"minecraft:crafting_table":1,"minecraft:wheat":1,"crabbersdelight:crab":3,"twigs:roseate_seashell":1,"minecraft:torch":4,"minecraft:diamond_sword":1,"minecraft:oak_log":51,"minecraft:spruce_sapling":1,"minecraft:white_bed":3,"minecraft:spruce_log":4,"minecraft:spider_eye":1,"minecraft:string":1,"minecraft:dirt":8,"minecraft:rotten_flesh":2,"minecraft:apple":1,"minecraft:wheat_seeds":6,"minecraft:rose_bush":1,"twigs:twig":6,"minecraft:oak_sapling":3,"minecraft:mutton":4,"minecraft:coal":22,"minecraft:white_wool":2,"minecraft:cobblestone":15}},"DataVersion":3465}