{"stats":{"minecraft:picked_up":{"minecraft:feather":3,"minecraft:wheat":3,"minecraft:chicken":1,"minecraft:nether_wart":3,"crabbersdelight:crab":1,"minecraft:oak_log":5,"minecraft:dirt":11,"biomesoplenty:mahogany_log":1,"minecraft:apple":4,"minecraft:wheat_seeds":20,"farmersdelight:onion":2,"minecraft:cooked_chicken":1,"minecraft:rose_bush":1,"supplementaries:ash":2,"minecraft:oak_planks":3,"minecraft:egg":1},"minecraft:killed":{"minecraft:zombie":1,"minecraft:chicken":1,"crabbersdelight:crab":1,"minecraft:player":1,"whatareyouvotingfor:armadillo":1,"minecraft:cow":1},"minecraft:crafted":{"minecraft:oak_planks":20,"minecraft:crafting_table":1,"minecraft:stick":4,"biomesoplenty:mahogany_planks":4,"minecraft:wooden_pickaxe":1},"minecraft:dropped":{"supplementaries:ash":1,"minecraft:rose_bush":1,"minecraft:oak_planks":4},"minecraft:custom":{"minecraft:time_since_rest":4989,"minecraft:sprint_one_cm":68856,"minecraft:damage_taken":1088,"minecraft:walk_one_cm":72520,"minecraft:mob_kills":5,"minecraft:drop":6,"minecraft:damage_dealt":464,"minecraft:swim_one_cm":31895,"minecraft:interact_with_crafting_table":1,"minecraft:player_kills":1,"minecraft:fly_one_cm":93024,"minecraft:open_barrel":4,"minecraft:open_chest":3,"minecraft:crouch_one_cm":4681,"minecraft:play_time":39791,"minecraft:deaths":3,"minecraft:sneak_time":1576,"minecraft:walk_under_water_one_cm":1796,"minecraft:jump":480,"minecraft:leave_game":1,"minecraft:time_since_death":4960,"minecraft:walk_on_water_one_cm":6531,"minecraft:total_world_time":39791,"minecraft:sleep_in_bed":1,"minecraft:climb_one_cm":4749,"minecraft:fall_one_cm":11742},"minecraft:mined":{"biomesoplenty:mahogany_log":1,"minecraft:wheat":10,"minecraft:fire":13,"biomesoplenty:desert_grass":1,"minecraft:grass":4,"minecraft:grass_block":5,"minecraft:oak_log":6,"twigs:roseate_seashell":1,"minecraft:rose_bush":1,"minecraft:dirt":9,"minecraft:oak_planks":1,"minecraft:nether_wart":1,"minecraft:fern":10},"minecraft:killed_by":{"minecraft:player":1,"alexsmobs:elephant":1,"mowziesmobs:foliaath":1},"minecraft:used":{"biomesoplenty:mahogany_planks":4,"minecraft:apple":9,"minecraft:flint_and_steel":13,"minecraft:oak_planks":3,"minecraft:wooden_pickaxe":15,"crabbersdelight:crab":1,"minecraft:cookie":1,"minecraft:enchanted_book":1,"minecraft:crafting_table":1,"minecraft:egg":1}},"DataVersion":3465}