{"stats":{"minecraft:picked_up":{"minecraft:crafting_table":3,"minecraft:wheat":3,"minecraft:chicken":4,"minecraft:nether_wart":3,"minecraft:shield":1,"minecraft:iron_axe":1,"minecraft:string":32,"minecraft:item_frame":5,"alexsmobs:emu_feather":2,"comforts:sleeping_bag_white":8,"minecraft:rose_bush":1,"minecraft:written_book":1,"minecraft:iron_pickaxe":1,"minecraft:light_gray_wool":3,"minecraft:egg":5,"minecraft:furnace":3,"minecraft:tipped_arrow":38,"minecraft:torch":6,"minecraft:porkchop":8,"quark:blossom_log":67,"minecraft:diorite":3,"minecraft:arrow":2,"minecraft:rotten_flesh":5,"farmersdelight:onion":2,"quark:orange_blossom_sapling":7,"supplementaries:ash":4,"minecraft:mutton":8,"minecraft:white_wool":6,"minecraft:cobblestone":53,"minecraft:feather":10,"minecraft:tripwire_hook":1,"minecraft:water_bucket":1,"minecraft:salmon":1,"minecraft:smoker":1,"minecraft:potato":16,"minecraft:oak_log":5,"minecraft:dirt":46,"minecraft:cooked_mutton":3,"minecraft:bone":2,"minecraft:apple":4,"minecraft:stone_bricks":13,"minecraft:bow":1,"minecraft:wheat_seeds":26,"minecraft:cooked_chicken":3,"minecraft:iron_sword":1,"minecraft:oak_planks":5,"minecraft:book":87,"minecraft:cooked_porkchop":1,"crabbersdelight:crab":1,"minecraft:brush":1,"minecraft:spyglass":1,"minecraft:spider_eye":1,"minecraft:mossy_cobblestone":1,"biomesoplenty:mahogany_log":1,"minecraft:diamond":1,"minecraft:golden_apple":1,"minecraft:emerald":1,"minecraft:coal":43,"minecraft:mangrove_propagule":2},"minecraft:killed":{"minecraft:cave_spider":1,"minecraft:spider":6,"minecraft:skeleton":3,"minecraft:chicken":5,"crabbersdelight:crab":1,"friendsandfoes:copper_golem":1,"minecraft:pig":5,"minecraft:salmon":1,"alexsmobs:emu":1,"minecraft:sheep":7,"alexsmobs:catfish":1,"minecraft:zombie":4,"alexsmobs:terrapin":1,"alexsmobs:gazelle":1,"minecraft:player":1,"whatareyouvotingfor:armadillo":1,"minecraft:cow":1},"minecraft:broken":{"minecraft:wooden_pickaxe":1,"minecraft:stone_axe":1},"minecraft:dropped":{"minecraft:wheat_seeds":26,"minecraft:warped_fungus":1,"minecraft:mossy_cobblestone":1,"minecraft:crafting_table":1,"minecraft:feather":10,"minecraft:mangrove_propagule":4,"minecraft:iron_helmet":1,"minecraft:book":76,"minecraft:coal":18,"minecraft:item_frame":5,"minecraft:dirt":33,"quark:blossom_log":3,"minecraft:rose_bush":1,"farmersdelight:onion":20,"alexsmobs:emu_feather":2,"minecraft:string":5,"minecraft:bone":1,"minecraft:nether_wart":3,"minecraft:rotten_flesh":4,"minecraft:light_gray_wool":3,"minecraft:oak_planks":4,"minecraft:smoker":1,"minecraft:salmon":1,"minecraft:flint_and_steel":1,"supplementaries:ash":4,"minecraft:stone_bricks":3,"minecraft:spider_eye":1,"comforts:sleeping_bag_white":2,"minecraft:arrow":1,"quark:orange_blossom_sapling":7,"minecraft:stone_pickaxe":1},"minecraft:crafted":{"minecraft:oak_planks":20,"biomesoplenty:mahogany_planks":4,"comforts:sleeping_bag_white":1,"minecraft:cooked_chicken":1,"minecraft:stone_pickaxe":1,"minecraft:oak_button":2,"blue_skies:blue_journal":1,"minecraft:crafting_table":2,"minecraft:wooden_pickaxe":1,"minecraft:stone_axe":2,"minecraft:bread":1,"minecraft:air":0,"minecraft:white_wool":9,"minecraft:stick":40,"minecraft:stone_sword":1,"minecraft:torch":8},"minecraft:custom":{"minecraft:mob_kills":41,"minecraft:interact_with_crafting_table":11,"minecraft:open_barrel":7,"minecraft:leave_game":1,"minecraft:time_since_death":46765,"minecraft:climb_one_cm":8134,"minecraft:sprint_one_cm":304722,"minecraft:walk_one_cm":233179,"minecraft:drop":55,"minecraft:talked_to_villager":8,"minecraft:play_time":111791,"minecraft:deaths":4,"minecraft:sneak_time":6165,"minecraft:walk_under_water_one_cm":10469,"minecraft:interact_with_lectern":2,"minecraft:jump":1891,"minecraft:walk_on_water_one_cm":12617,"minecraft:total_world_time":111791,"minecraft:interact_with_furnace":3,"minecraft:traded_with_villager":1,"minecraft:sleep_in_bed":8,"minecraft:time_since_rest":2237,"minecraft:damage_taken":2092,"minecraft:damage_dealt":3981,"minecraft:swim_one_cm":71376,"minecraft:fly_one_cm":417094,"minecraft:player_kills":1,"minecraft:open_chest":15,"minecraft:crouch_one_cm":21010,"minecraft:interact_with_smoker":4,"minecraft:fall_one_cm":55671},"minecraft:mined":{"minecraft:mossy_cobblestone":1,"biomesoplenty:desert_grass":2,"minecraft:grass_block":5,"minecraft:nether_wart":1,"minecraft:furnace":3,"minecraft:carrots":28,"minecraft:fire":30,"biomesoplenty:high_grass":10,"minecraft:potatoes":21,"minecraft:cobblestone_slab":1,"minecraft:bookshelf":26,"biomesoplenty:mahogany_leaves":6,"minecraft:stone":49,"minecraft:smoker":1,"minecraft:crafting_table":3,"minecraft:torch":2,"twigs:roseate_seashell":1,"minecraft:rose_bush":1,"quark:blossom_log":71,"biomesoplenty:high_grass_plant":26,"minecraft:tall_grass":3,"minecraft:cobblestone":5,"minecraft:oak_planks":3,"minecraft:diorite":4,"minecraft:wall_torch":4,"biomesoplenty:mahogany_log":1,"minecraft:wheat":10,"minecraft:grass":19,"minecraft:coal_ore":18,"minecraft:oak_log":8,"minecraft:dirt":11,"minecraft:cobweb":25,"minecraft:tripwire_hook":1,"minecraft:stone_bricks":12,"minecraft:dispenser":1,"minecraft:oak_leaves":1,"minecraft:fern":10},"minecraft:killed_by":{"minecraft:player":1,"minecraft:creeper":1,"alexsmobs:elephant":1,"mowziesmobs:foliaath":1},"minecraft:used":{"biomesoplenty:mahogany_planks":4,"minecraft:stone_sword":50,"minecraft:flint_and_steel":31,"minecraft:iron_sword":58,"crabbersdelight:crab":1,"minecraft:cooked_chicken":4,"minecraft:iron_chestplate":1,"minecraft:torch":11,"minecraft:dirt":13,"minecraft:spyglass":1,"minecraft:iron_axe":6,"minecraft:iron_helmet":1,"minecraft:iron_boots":1,"minecraft:stone_bricks":10,"minecraft:tripwire_hook":1,"minecraft:written_book":2,"minecraft:egg":5,"comforts:sleeping_bag_white":6,"minecraft:iron_leggings":1,"minecraft:cooked_mutton":1,"minecraft:diorite":3,"minecraft:stone_pickaxe":95,"minecraft:oak_planks":3,"minecraft:baked_potato":8,"minecraft:wooden_pickaxe":47,"minecraft:cookie":1,"minecraft:crafting_table":4,"minecraft:apple":12,"minecraft:bread":4,"minecraft:oak_button":2,"minecraft:iron_pickaxe":14,"minecraft:stone_axe":136,"minecraft:enchanted_book":1,"minecraft:cooked_porkchop":1}},"DataVersion":3465}