{"stats":{"minecraft:picked_up":{"minecraft:crafting_table":3,"minecraft:wheat":3,"minecraft:chicken":4,"minecraft:nether_wart":3,"minecraft:shield":1,"minecraft:iron_axe":1,"minecraft:string":32,"minecraft:item_frame":5,"alexsmobs:emu_feather":2,"comforts:sleeping_bag_white":7,"minecraft:rose_bush":1,"minecraft:written_book":1,"minecraft:iron_pickaxe":1,"minecraft:light_gray_wool":3,"minecraft:egg":5,"minecraft:furnace":3,"minecraft:tipped_arrow":38,"minecraft:torch":6,"quark:blossom_log":67,"minecraft:diorite":3,"minecraft:arrow":2,"minecraft:rotten_flesh":5,"farmersdelight:onion":2,"quark:orange_blossom_sapling":7,"supplementaries:ash":4,"minecraft:mutton":3,"minecraft:white_wool":3,"minecraft:cobblestone":45,"minecraft:feather":10,"minecraft:tripwire_hook":1,"minecraft:water_bucket":1,"minecraft:salmon":1,"minecraft:smoker":1,"minecraft:oak_log":5,"minecraft:dirt":46,"minecraft:cooked_mutton":3,"minecraft:bone":2,"minecraft:apple":4,"minecraft:stone_bricks":13,"minecraft:bow":1,"minecraft:wheat_seeds":26,"minecraft:cooked_chicken":3,"minecraft:iron_sword":1,"minecraft:oak_planks":5,"minecraft:book":87,"minecraft:cooked_porkchop":1,"crabbersdelight:crab":1,"minecraft:brush":1,"minecraft:spyglass":1,"minecraft:spider_eye":1,"minecraft:mossy_cobblestone":1,"biomesoplenty:mahogany_log":1,"minecraft:diamond":1,"minecraft:golden_apple":1,"minecraft:emerald":1,"minecraft:coal":38,"minecraft:mangrove_propagule":2},"minecraft:killed":{"minecraft:cave_spider":1,"minecraft:spider":6,"minecraft:skeleton":3,"minecraft:chicken":5,"crabbersdelight:crab":1,"minecraft:pig":1,"minecraft:salmon":1,"alexsmobs:emu":1,"minecraft:sheep":4,"alexsmobs:catfish":1,"minecraft:zombie":3,"alexsmobs:terrapin":1,"alexsmobs:gazelle":1,"minecraft:player":1,"whatareyouvotingfor:armadillo":1,"minecraft:cow":1},"minecraft:broken":{"minecraft:wooden_pickaxe":1,"minecraft:stone_axe":1},"minecraft:dropped":{"minecraft:wheat_seeds":26,"minecraft:warped_fungus":1,"minecraft:mossy_cobblestone":1,"minecraft:crafting_table":1,"minecraft:feather":10,"minecraft:mangrove_propagule":4,"minecraft:iron_helmet":1,"minecraft:book":76,"minecraft:coal":18,"minecraft:item_frame":5,"minecraft:dirt":33,"quark:blossom_log":3,"minecraft:rose_bush":1,"farmersdelight:onion":1,"alexsmobs:emu_feather":2,"minecraft:string":5,"minecraft:bone":1,"minecraft:nether_wart":3,"minecraft:rotten_flesh":4,"minecraft:light_gray_wool":3,"minecraft:oak_planks":4,"minecraft:smoker":1,"minecraft:salmon":1,"minecraft:flint_and_steel":1,"supplementaries:ash":4,"minecraft:stone_bricks":3,"minecraft:spider_eye":1,"comforts:sleeping_bag_white":2,"minecraft:arrow":1,"quark:orange_blossom_sapling":7,"minecraft:stone_pickaxe":1},"minecraft:crafted":{"minecraft:oak_planks":20,"biomesoplenty:mahogany_planks":4,"comforts:sleeping_bag_white":1,"minecraft:cooked_chicken":1,"minecraft:stone_pickaxe":1,"minecraft:oak_button":2,"blue_skies:blue_journal":1,"minecraft:crafting_table":2,"minecraft:wooden_pickaxe":1,"minecraft:stone_axe":2,"minecraft:bread":1,"minecraft:air":0,"minecraft:white_wool":9,"minecraft:stick":40,"minecraft:stone_sword":1,"minecraft:torch":8},"minecraft:custom":{"minecraft:mob_kills":32,"minecraft:interact_with_crafting_table":11,"minecraft:open_barrel":7,"minecraft:leave_game":1,"minecraft:time_since_death":34765,"minecraft:climb_one_cm":8134,"minecraft:sprint_one_cm":247500,"minecraft:walk_one_cm":197852,"minecraft:drop":54,"minecraft:talked_to_villager":7,"minecraft:play_time":99791,"minecraft:deaths":4,"minecraft:sneak_time":5856,"minecraft:walk_under_water_one_cm":8541,"minecraft:interact_with_lectern":2,"minecraft:jump":1536,"minecraft:walk_on_water_one_cm":11230,"minecraft:total_world_time":99791,"minecraft:interact_with_furnace":3,"minecraft:traded_with_villager":1,"minecraft:sleep_in_bed":7,"minecraft:time_since_rest":4528,"minecraft:damage_taken":2040,"minecraft:damage_dealt":2881,"minecraft:swim_one_cm":61367,"minecraft:fly_one_cm":324429,"minecraft:player_kills":1,"minecraft:open_chest":13,"minecraft:crouch_one_cm":19074,"minecraft:interact_with_smoker":4,"minecraft:fall_one_cm":45200},"minecraft:mined":{"minecraft:mossy_cobblestone":1,"biomesoplenty:desert_grass":2,"minecraft:grass_block":5,"minecraft:nether_wart":1,"minecraft:furnace":3,"minecraft:fire":28,"minecraft:bookshelf":26,"biomesoplenty:mahogany_leaves":6,"minecraft:stone":41,"minecraft:smoker":1,"minecraft:crafting_table":3,"minecraft:torch":2,"twigs:roseate_seashell":1,"minecraft:rose_bush":1,"quark:blossom_log":71,"minecraft:tall_grass":2,"minecraft:cobblestone":5,"minecraft:oak_planks":3,"minecraft:diorite":4,"minecraft:wall_torch":4,"biomesoplenty:mahogany_log":1,"minecraft:wheat":10,"minecraft:grass":18,"minecraft:coal_ore":13,"minecraft:oak_log":8,"minecraft:dirt":11,"minecraft:cobweb":25,"minecraft:tripwire_hook":1,"minecraft:stone_bricks":12,"minecraft:dispenser":1,"minecraft:oak_leaves":1,"minecraft:fern":10},"minecraft:killed_by":{"minecraft:player":1,"minecraft:creeper":1,"alexsmobs:elephant":1,"mowziesmobs:foliaath":1},"minecraft:used":{"biomesoplenty:mahogany_planks":4,"minecraft:stone_sword":50,"minecraft:flint_and_steel":31,"minecraft:iron_sword":3,"crabbersdelight:crab":1,"minecraft:cooked_chicken":4,"minecraft:iron_chestplate":1,"minecraft:torch":11,"minecraft:dirt":13,"minecraft:iron_helmet":1,"minecraft:iron_boots":1,"minecraft:stone_bricks":10,"minecraft:tripwire_hook":1,"minecraft:written_book":2,"minecraft:egg":5,"comforts:sleeping_bag_white":5,"minecraft:iron_leggings":1,"minecraft:cooked_mutton":1,"minecraft:diorite":3,"minecraft:stone_pickaxe":95,"minecraft:oak_planks":3,"minecraft:baked_potato":4,"minecraft:wooden_pickaxe":47,"minecraft:cookie":1,"minecraft:crafting_table":4,"minecraft:apple":12,"minecraft:bread":4,"minecraft:oak_button":2,"minecraft:stone_axe":136,"minecraft:enchanted_book":1,"minecraft:cooked_porkchop":1}},"DataVersion":3465}