{"stats":{"minecraft:picked_up":{"minecraft:wheat":3,"minecraft:feather":4,"minecraft:chicken":1,"minecraft:nether_wart":3,"minecraft:oak_log":5,"minecraft:string":2,"minecraft:dirt":24,"minecraft:cooked_mutton":1,"minecraft:bone":1,"minecraft:apple":4,"alexsmobs:emu_feather":2,"minecraft:wheat_seeds":22,"minecraft:cooked_chicken":1,"minecraft:rose_bush":1,"minecraft:light_gray_wool":1,"minecraft:oak_planks":3,"minecraft:egg":1,"crabbersdelight:crab":1,"minecraft:diorite":3,"biomesoplenty:mahogany_log":1,"minecraft:rotten_flesh":3,"minecraft:arrow":1,"farmersdelight:onion":2,"supplementaries:ash":2,"minecraft:mutton":3,"minecraft:coal":2,"minecraft:white_wool":2,"minecraft:cobblestone":3},"minecraft:killed":{"minecraft:spider":1,"alexsmobs:emu":1,"minecraft:sheep":3,"minecraft:skeleton":1,"minecraft:zombie":2,"minecraft:chicken":1,"alexsmobs:gazelle":1,"crabbersdelight:crab":1,"minecraft:player":1,"whatareyouvotingfor:armadillo":1,"minecraft:cow":1},"minecraft:broken":{"minecraft:wooden_pickaxe":1},"minecraft:dropped":{"minecraft:oak_planks":4,"supplementaries:ash":1,"minecraft:rose_bush":1},"minecraft:crafted":{"minecraft:oak_planks":20,"minecraft:crafting_table":2,"biomesoplenty:mahogany_planks":4,"minecraft:wooden_pickaxe":1,"minecraft:cooked_chicken":1,"minecraft:bread":1,"minecraft:air":0,"minecraft:stick":4,"minecraft:stone_pickaxe":1,"minecraft:oak_button":2},"minecraft:custom":{"minecraft:interact_with_furnace":3,"minecraft:mob_kills":13,"minecraft:interact_with_crafting_table":4,"minecraft:open_barrel":4,"minecraft:leave_game":1,"minecraft:time_since_death":16960,"minecraft:sleep_in_bed":2,"minecraft:climb_one_cm":5103,"minecraft:time_since_rest":2929,"minecraft:sprint_one_cm":101481,"minecraft:damage_taken":1338,"minecraft:walk_one_cm":106589,"minecraft:drop":6,"minecraft:damage_dealt":1119,"minecraft:swim_one_cm":31895,"minecraft:fly_one_cm":146876,"minecraft:player_kills":1,"minecraft:open_chest":8,"minecraft:crouch_one_cm":9022,"minecraft:play_time":51791,"minecraft:deaths":3,"minecraft:sneak_time":2813,"minecraft:walk_under_water_one_cm":1796,"minecraft:jump":745,"minecraft:walk_on_water_one_cm":6531,"minecraft:interact_with_smoker":3,"minecraft:total_world_time":51791,"minecraft:fall_one_cm":19366},"minecraft:mined":{"biomesoplenty:desert_grass":1,"minecraft:grass_block":5,"twigs:roseate_seashell":1,"minecraft:rose_bush":1,"minecraft:tall_grass":2,"minecraft:cobblestone":3,"minecraft:oak_planks":1,"minecraft:nether_wart":1,"minecraft:diorite":4,"biomesoplenty:mahogany_log":1,"minecraft:fire":16,"minecraft:wheat":10,"minecraft:grass":11,"minecraft:oak_log":6,"minecraft:coal_ore":2,"biomesoplenty:mahogany_leaves":6,"minecraft:dirt":11,"minecraft:fern":10},"minecraft:killed_by":{"minecraft:player":1,"alexsmobs:elephant":1,"mowziesmobs:foliaath":1},"minecraft:used":{"minecraft:cooked_mutton":1,"biomesoplenty:mahogany_planks":4,"minecraft:diorite":3,"minecraft:flint_and_steel":17,"minecraft:stone_pickaxe":20,"minecraft:oak_planks":3,"minecraft:wooden_pickaxe":47,"crabbersdelight:crab":1,"minecraft:cooked_chicken":1,"minecraft:cookie":1,"minecraft:dirt":10,"minecraft:crafting_table":2,"minecraft:apple":12,"minecraft:bread":1,"minecraft:oak_button":2,"minecraft:enchanted_book":1,"minecraft:egg":1}},"DataVersion":3465}