{"stats":{"minecraft:killed_by":{"alexsmobs:elephant":1,"mowziesmobs:foliaath":1},"minecraft:crafted":{"minecraft:oak_planks":20,"biomesoplenty:mahogany_planks":4},"minecraft:mined":{"biomesoplenty:mahogany_log":1,"minecraft:wheat":10,"minecraft:fire":5,"biomesoplenty:desert_grass":1,"minecraft:grass":3,"minecraft:grass_block":2,"minecraft:oak_log":6,"twigs:roseate_seashell":1,"minecraft:rose_bush":1,"minecraft:oak_planks":1,"minecraft:nether_wart":1,"minecraft:fern":3},"minecraft:custom":{"minecraft:time_since_rest":2469,"minecraft:sprint_one_cm":59579,"minecraft:damage_taken":835,"minecraft:walk_one_cm":54388,"minecraft:mob_kills":3,"minecraft:drop":6,"minecraft:damage_dealt":225,"minecraft:swim_one_cm":29020,"minecraft:player_kills":1,"minecraft:fly_one_cm":83289,"minecraft:open_barrel":4,"minecraft:open_chest":3,"minecraft:crouch_one_cm":3630,"minecraft:play_time":25054,"minecraft:deaths":2,"minecraft:sneak_time":1197,"minecraft:walk_under_water_one_cm":1601,"minecraft:jump":402,"minecraft:time_since_death":2435,"minecraft:walk_on_water_one_cm":3274,"minecraft:sleep_in_bed":1,"minecraft:climb_one_cm":3738,"minecraft:total_world_time":25054,"minecraft:fall_one_cm":11533},"minecraft:used":{"biomesoplenty:mahogany_planks":4,"minecraft:apple":9,"minecraft:flint_and_steel":5,"minecraft:oak_planks":3,"crabbersdelight:crab":1,"minecraft:cookie":1,"minecraft:enchanted_book":1},"minecraft:killed":{"crabbersdelight:crab":1,"minecraft:player":1,"whatareyouvotingfor:armadillo":1,"minecraft:cow":1},"minecraft:dropped":{"supplementaries:ash":1,"minecraft:rose_bush":1,"minecraft:oak_planks":4},"minecraft:picked_up":{"minecraft:wheat":3,"minecraft:nether_wart":3,"crabbersdelight:crab":1,"minecraft:oak_log":5,"minecraft:dirt":2,"biomesoplenty:mahogany_log":1,"minecraft:apple":4,"minecraft:wheat_seeds":18,"farmersdelight:onion":2,"minecraft:rose_bush":1,"supplementaries:ash":1,"minecraft:oak_planks":3}},"DataVersion":3465}