{"stats":{"minecraft:mined":{"minecraft:podzol":1,"minecraft:acacia_leaves":2,"minecraft:tall_grass":1,"regions_unexplored:medium_grass":1,"minecraft:fern":1},"minecraft:custom":{"minecraft:time_since_rest":8819,"minecraft:crouch_one_cm":336,"minecraft:sprint_one_cm":16900,"minecraft:play_time":8819,"minecraft:damage_taken":60,"minecraft:walk_one_cm":11513,"minecraft:sneak_time":268,"minecraft:walk_under_water_one_cm":887,"minecraft:jump":72,"minecraft:interact_with_grindstone":3,"minecraft:leave_game":2,"minecraft:time_since_death":8819,"minecraft:walk_on_water_one_cm":927,"minecraft:climb_one_cm":196,"minecraft:total_world_time":8819,"minecraft:hex":0,"minecraft:swim_one_cm":1473,"minecraft:fly_one_cm":122367,"minecraft:fall_one_cm":1067},"minecraft:picked_up":{"minecraft:stick":1}},"DataVersion":3465}