{"stats":{"minecraft:picked_up":{"minecraft:crafting_table":2,"minecraft:wheat":3,"minecraft:feather":10,"minecraft:chicken":4,"minecraft:nether_wart":3,"minecraft:salmon":1,"minecraft:smoker":1,"minecraft:oak_log":5,"minecraft:string":4,"minecraft:dirt":24,"minecraft:cooked_mutton":3,"minecraft:bone":1,"minecraft:apple":4,"minecraft:stone_bricks":3,"alexsmobs:emu_feather":2,"minecraft:wheat_seeds":22,"comforts:sleeping_bag_white":2,"minecraft:cooked_chicken":3,"minecraft:rose_bush":1,"minecraft:light_gray_wool":3,"minecraft:oak_planks":5,"minecraft:furnace":1,"minecraft:egg":5,"minecraft:tipped_arrow":38,"minecraft:cooked_porkchop":1,"crabbersdelight:crab":1,"quark:blossom_log":67,"minecraft:diorite":3,"minecraft:mossy_cobblestone":1,"biomesoplenty:mahogany_log":1,"minecraft:rotten_flesh":4,"minecraft:arrow":1,"quark:orange_blossom_sapling":7,"farmersdelight:onion":2,"supplementaries:ash":4,"minecraft:mangrove_propagule":2,"minecraft:mutton":3,"minecraft:coal":2,"minecraft:white_wool":3,"minecraft:cobblestone":36},"minecraft:killed":{"minecraft:pig":1,"minecraft:salmon":1,"minecraft:spider":1,"alexsmobs:emu":1,"minecraft:sheep":4,"minecraft:skeleton":1,"alexsmobs:catfish":1,"minecraft:zombie":2,"alexsmobs:terrapin":1,"minecraft:chicken":5,"alexsmobs:gazelle":1,"crabbersdelight:crab":1,"minecraft:player":1,"whatareyouvotingfor:armadillo":1,"minecraft:cow":1},"minecraft:broken":{"minecraft:wooden_pickaxe":1},"minecraft:dropped":{"minecraft:warped_fungus":1,"minecraft:mossy_cobblestone":1,"minecraft:mangrove_propagule":4,"minecraft:rotten_flesh":4,"minecraft:light_gray_wool":3,"minecraft:oak_planks":4,"supplementaries:ash":4,"quark:blossom_log":3,"minecraft:rose_bush":1,"farmersdelight:onion":1,"quark:orange_blossom_sapling":7,"minecraft:arrow":1,"minecraft:string":4,"minecraft:bone":1},"minecraft:crafted":{"minecraft:oak_planks":20,"minecraft:crafting_table":2,"biomesoplenty:mahogany_planks":4,"comforts:sleeping_bag_white":1,"minecraft:wooden_pickaxe":1,"minecraft:cooked_chicken":1,"minecraft:stone_axe":1,"minecraft:bread":1,"minecraft:air":0,"minecraft:stick":8,"minecraft:stone_pickaxe":1,"minecraft:oak_button":2},"minecraft:custom":{"minecraft:interact_with_furnace":3,"minecraft:mob_kills":22,"minecraft:interact_with_crafting_table":8,"minecraft:open_barrel":4,"minecraft:leave_game":1,"minecraft:time_since_death":28960,"minecraft:sleep_in_bed":4,"minecraft:climb_one_cm":5189,"minecraft:time_since_rest":1479,"minecraft:sprint_one_cm":144191,"minecraft:damage_taken":1428,"minecraft:walk_one_cm":122128,"minecraft:drop":30,"minecraft:damage_dealt":1589,"minecraft:swim_one_cm":39039,"minecraft:fly_one_cm":210421,"minecraft:player_kills":1,"minecraft:open_chest":8,"minecraft:crouch_one_cm":11988,"minecraft:play_time":63791,"minecraft:deaths":3,"minecraft:sneak_time":3959,"minecraft:walk_under_water_one_cm":7200,"minecraft:jump":1013,"minecraft:walk_on_water_one_cm":8630,"minecraft:interact_with_smoker":4,"minecraft:total_world_time":63791,"minecraft:fall_one_cm":27868},"minecraft:mined":{"minecraft:mossy_cobblestone":1,"minecraft:smoker":1,"biomesoplenty:desert_grass":2,"minecraft:crafting_table":2,"minecraft:grass_block":5,"twigs:roseate_seashell":1,"minecraft:rose_bush":1,"quark:blossom_log":71,"minecraft:tall_grass":2,"minecraft:cobblestone":5,"minecraft:oak_planks":3,"minecraft:nether_wart":1,"minecraft:diorite":4,"minecraft:furnace":1,"biomesoplenty:mahogany_log":1,"minecraft:fire":20,"minecraft:wheat":10,"minecraft:grass":17,"minecraft:oak_log":6,"minecraft:coal_ore":2,"biomesoplenty:mahogany_leaves":6,"minecraft:dirt":11,"minecraft:dispenser":1,"minecraft:stone_bricks":5,"minecraft:stone":32,"minecraft:fern":10},"minecraft:killed_by":{"minecraft:player":1,"alexsmobs:elephant":1,"mowziesmobs:foliaath":1},"minecraft:used":{"minecraft:cooked_mutton":1,"biomesoplenty:mahogany_planks":4,"minecraft:diorite":3,"minecraft:flint_and_steel":21,"minecraft:stone_pickaxe":63,"minecraft:oak_planks":3,"minecraft:wooden_pickaxe":47,"crabbersdelight:crab":1,"minecraft:cooked_chicken":3,"minecraft:cookie":1,"minecraft:dirt":10,"minecraft:crafting_table":3,"minecraft:apple":12,"minecraft:bread":1,"minecraft:oak_button":2,"minecraft:stone_axe":92,"minecraft:enchanted_book":1,"comforts:sleeping_bag_white":2,"minecraft:egg":5}},"DataVersion":3465}