{"stats":{"minecraft:picked_up":{"minecraft:crafting_table":3,"minecraft:wheat":3,"illagerinvasion:platinum_chunk":3,"minecraft:chicken":4,"minecraft:nether_wart":3,"minecraft:shield":1,"minecraft:iron_axe":1,"minecraft:string":35,"minecraft:item_frame":5,"alexsmobs:emu_feather":2,"comforts:sleeping_bag_white":9,"minecraft:rose_bush":1,"minecraft:written_book":1,"minecraft:iron_pickaxe":1,"minecraft:light_gray_wool":3,"minecraft:egg":5,"minecraft:furnace":3,"minecraft:tipped_arrow":49,"minecraft:raw_iron":29,"minecraft:torch":17,"minecraft:porkchop":14,"quark:blossom_log":67,"minecraft:diorite":3,"minecraft:arrow":2,"minecraft:rotten_flesh":5,"farmersdelight:onion":2,"quark:orange_blossom_sapling":7,"supplementaries:ash":4,"minecraft:mutton":8,"minecraft:iron_bars":1,"minecraft:white_wool":6,"minecraft:cobblestone":76,"minecraft:feather":10,"minecraft:tripwire_hook":1,"minecraft:water_bucket":1,"minecraft:salmon":1,"minecraft:smoker":1,"minecraft:potato":16,"minecraft:oak_log":5,"minecraft:dirt":46,"minecraft:cooked_mutton":3,"minecraft:bone":2,"minecraft:apple":4,"minecraft:stone_bricks":13,"minecraft:bow":1,"minecraft:wheat_seeds":28,"minecraft:cooked_chicken":3,"galosphere:raw_silver":2,"minecraft:iron_sword":1,"minecraft:oak_planks":5,"minecraft:book":87,"minecraft:cooked_porkchop":12,"crabbersdelight:crab":1,"minecraft:brush":1,"minecraft:spyglass":1,"minecraft:spider_eye":1,"minecraft:mossy_cobblestone":2,"galosphere:silver_nugget":5,"biomesoplenty:mahogany_log":1,"minecraft:diamond":1,"minecraft:mossy_cobblestone_stairs":1,"minecraft:golden_apple":1,"minecraft:emerald":7,"minecraft:coal":68,"minecraft:mangrove_propagule":2,"minecraft:ender_pearl":1},"minecraft:killed":{"minecraft:cave_spider":2,"minecraft:witch":1,"minecraft:spider":6,"minecraft:skeleton":3,"minecraft:chicken":5,"crabbersdelight:crab":1,"friendsandfoes:copper_golem":1,"minecraft:pig":8,"minecraft:salmon":1,"alexsmobs:emu":1,"minecraft:sheep":7,"alexsmobs:catfish":1,"minecraft:pillager":13,"minecraft:zombie":7,"alexsmobs:terrapin":1,"alexsmobs:gazelle":1,"minecraft:player":1,"whatareyouvotingfor:armadillo":1,"minecraft:enderman":1,"minecraft:cow":1},"minecraft:broken":{"minecraft:wooden_pickaxe":1,"minecraft:stone_axe":1},"minecraft:dropped":{"minecraft:porkchop":3,"minecraft:wheat_seeds":28,"minecraft:warped_fungus":1,"minecraft:mossy_cobblestone":1,"minecraft:crafting_table":1,"minecraft:feather":10,"minecraft:mangrove_propagule":4,"minecraft:iron_helmet":1,"minecraft:book":76,"minecraft:coal":18,"minecraft:item_frame":5,"minecraft:dirt":33,"galosphere:raw_silver":2,"illagerinvasion:platinum_chunk":3,"quark:blossom_log":3,"minecraft:rose_bush":1,"farmersdelight:onion":20,"alexsmobs:emu_feather":2,"minecraft:mossy_cobblestone_stairs":1,"minecraft:string":8,"minecraft:bone":1,"minecraft:furnace":3,"minecraft:nether_wart":3,"netherexp:rift_armor_trim_smithing_template":1,"minecraft:rotten_flesh":4,"minecraft:light_gray_wool":3,"minecraft:oak_planks":4,"minecraft:smoker":1,"galosphere:silver_nugget":4,"minecraft:salmon":1,"minecraft:flint_and_steel":1,"supplementaries:ash":4,"minecraft:tipped_arrow":11,"minecraft:stone_bricks":3,"minecraft:spider_eye":1,"comforts:sleeping_bag_white":2,"minecraft:arrow":1,"quark:orange_blossom_sapling":7,"minecraft:stone_pickaxe":1},"minecraft:crafted":{"minecraft:oak_planks":20,"biomesoplenty:mahogany_planks":4,"comforts:sleeping_bag_white":1,"minecraft:cooked_chicken":1,"minecraft:stone_pickaxe":1,"minecraft:oak_button":2,"blue_skies:blue_journal":1,"minecraft:crafting_table":2,"minecraft:wooden_pickaxe":1,"minecraft:stone_axe":2,"minecraft:bread":1,"minecraft:air":0,"minecraft:white_wool":9,"minecraft:stick":40,"minecraft:stone_sword":1,"minecraft:torch":8},"minecraft:custom":{"minecraft:mob_kills":63,"minecraft:interact_with_crafting_table":11,"minecraft:open_barrel":7,"minecraft:interact_with_campfire":11,"minecraft:leave_game":1,"minecraft:time_since_death":70765,"minecraft:climb_one_cm":10840,"minecraft:sprint_one_cm":368979,"minecraft:walk_one_cm":294917,"minecraft:damage_blocked_by_shield":40,"minecraft:drop":71,"minecraft:talked_to_villager":9,"minecraft:play_time":135791,"minecraft:deaths":4,"minecraft:sneak_time":9125,"minecraft:walk_under_water_one_cm":12340,"minecraft:interact_with_lectern":2,"minecraft:jump":2251,"minecraft:walk_on_water_one_cm":32787,"minecraft:total_world_time":135791,"minecraft:interact_with_furnace":6,"minecraft:traded_with_villager":1,"minecraft:sleep_in_bed":9,"minecraft:time_since_rest":21612,"minecraft:damage_taken":2802,"minecraft:damage_dealt":6852,"minecraft:swim_one_cm":93276,"minecraft:fly_one_cm":471246,"minecraft:player_kills":1,"minecraft:open_chest":27,"minecraft:crouch_one_cm":31387,"minecraft:interact_with_smoker":4,"minecraft:fall_one_cm":64681},"minecraft:mined":{"minecraft:mossy_cobblestone":2,"biomesoplenty:desert_grass":2,"minecraft:dark_oak_fence":1,"minecraft:granite":2,"minecraft:grass_block":5,"minecraft:nether_wart":1,"minecraft:spawner":2,"minecraft:furnace":3,"minecraft:carrots":28,"minecraft:mossy_cobblestone_stairs":3,"minecraft:iron_ore":29,"minecraft:fire":30,"minecraft:andesite":7,"biomesoplenty:high_grass":75,"minecraft:potatoes":21,"minecraft:cobblestone_slab":1,"minecraft:bookshelf":26,"biomesoplenty:mahogany_leaves":6,"minecraft:iron_bars":2,"biomesoplenty:spider_egg":1,"minecraft:stone":70,"minecraft:smoker":1,"minecraft:crafting_table":3,"minecraft:torch":2,"twigs:roseate_seashell":1,"minecraft:rose_bush":1,"minecraft:andesite_slab":1,"quark:blossom_log":71,"galosphere:silver_ore":2,"biomesoplenty:high_grass_plant":115,"minecraft:tall_grass":9,"minecraft:cobblestone":9,"minecraft:oak_planks":3,"minecraft:diorite":4,"minecraft:wall_torch":4,"supplementaries:urn":4,"biomesoplenty:mahogany_log":1,"minecraft:wheat":10,"biomesoplenty:pink_daffodil":1,"minecraft:grass":25,"minecraft:coal_ore":43,"minecraft:oak_log":8,"minecraft:dirt":11,"minecraft:cobweb":27,"minecraft:tripwire_hook":1,"minecraft:stone_bricks":12,"minecraft:dispenser":1,"minecraft:oak_leaves":1,"minecraft:fern":10},"minecraft:killed_by":{"minecraft:player":1,"minecraft:creeper":1,"alexsmobs:elephant":1,"mowziesmobs:foliaath":1},"minecraft:used":{"biomesoplenty:mahogany_planks":4,"minecraft:iron_bars":1,"minecraft:stone_sword":50,"minecraft:flint_and_steel":31,"minecraft:shield":1,"minecraft:iron_sword":117,"crabbersdelight:crab":1,"minecraft:cooked_chicken":4,"minecraft:iron_chestplate":1,"minecraft:torch":17,"minecraft:dirt":13,"minecraft:spyglass":6,"minecraft:iron_axe":17,"minecraft:iron_helmet":1,"minecraft:iron_boots":1,"minecraft:stone_bricks":10,"minecraft:tripwire_hook":1,"minecraft:bow":34,"minecraft:written_book":2,"minecraft:egg":5,"comforts:sleeping_bag_white":7,"minecraft:iron_leggings":1,"farmersdelight:cooked_rice":1,"minecraft:cooked_mutton":3,"minecraft:water_bucket":4,"minecraft:diorite":3,"minecraft:stone_pickaxe":95,"minecraft:oak_planks":3,"minecraft:baked_potato":8,"minecraft:wooden_pickaxe":47,"minecraft:cookie":1,"minecraft:mossy_cobblestone":1,"minecraft:crafting_table":4,"minecraft:apple":12,"minecraft:bread":15,"minecraft:oak_button":2,"minecraft:iron_pickaxe":118,"minecraft:stone_axe":136,"minecraft:enchanted_book":1,"minecraft:cobblestone":19,"minecraft:cooked_porkchop":2,"minecraft:bucket":4,"minecraft:brush":2,"minecraft:experience_bottle":1}},"DataVersion":3465}