{"stats":{"minecraft:killed_by":{"alexsmobs:elephant":1},"minecraft:crafted":{"minecraft:oak_planks":20},"minecraft:mined":{"minecraft:wheat":10,"minecraft:fire":3,"biomesoplenty:desert_grass":1,"minecraft:grass":3,"minecraft:grass_block":2,"minecraft:oak_log":6,"twigs:roseate_seashell":1,"minecraft:rose_bush":1,"minecraft:nether_wart":1},"minecraft:custom":{"minecraft:time_since_rest":10869,"minecraft:sprint_one_cm":49986,"minecraft:damage_taken":555,"minecraft:walk_one_cm":32329,"minecraft:mob_kills":3,"minecraft:drop":2,"minecraft:damage_dealt":225,"minecraft:swim_one_cm":16797,"minecraft:player_kills":1,"minecraft:fly_one_cm":71450,"minecraft:open_chest":1,"minecraft:crouch_one_cm":1421,"minecraft:play_time":13054,"minecraft:deaths":1,"minecraft:sneak_time":513,"minecraft:walk_under_water_one_cm":1112,"minecraft:jump":317,"minecraft:time_since_death":10766,"minecraft:walk_on_water_one_cm":1736,"minecraft:climb_one_cm":1751,"minecraft:total_world_time":13054,"minecraft:fall_one_cm":11115},"minecraft:used":{"minecraft:flint_and_steel":3,"crabbersdelight:crab":1,"minecraft:cookie":1,"minecraft:enchanted_book":1},"minecraft:killed":{"crabbersdelight:crab":1,"minecraft:player":1,"whatareyouvotingfor:armadillo":1,"minecraft:cow":1},"minecraft:dropped":{"supplementaries:ash":1,"minecraft:rose_bush":1},"minecraft:picked_up":{"minecraft:wheat":3,"minecraft:nether_wart":3,"crabbersdelight:crab":1,"minecraft:oak_log":5,"minecraft:dirt":2,"minecraft:wheat_seeds":17,"minecraft:rose_bush":1,"supplementaries:ash":1}},"DataVersion":3465}