{"stats":{"minecraft:killed_by":{"minecraft:player":1,"alexsmobs:elephant":1},"minecraft:crafted":{"minecraft:oak_planks":20,"minecraft:crafting_table":1,"minecraft:stick":8,"minecraft:wooden_pickaxe":1,"minecraft:stone_pickaxe":1},"minecraft:mined":{"supplementaries:book_pile_horizontal":1,"twigs:pebble":1,"biomesoplenty:desert_grass":1,"minecraft:peony":1,"minecraft:grass":3,"minecraft:oak_log":4,"minecraft:cobblestone":6,"minecraft:oak_leaves":2,"minecraft:tripwire":3},"minecraft:custom":{"minecraft:time_since_rest":16620,"minecraft:interact_with_smithing_table":1,"minecraft:sprint_one_cm":37097,"minecraft:damage_taken":806,"minecraft:walk_one_cm":41009,"minecraft:mob_kills":5,"minecraft:drop":3,"minecraft:damage_dealt":729,"minecraft:swim_one_cm":12056,"minecraft:interact_with_crafting_table":2,"minecraft:fly_one_cm":87903,"minecraft:open_barrel":4,"minecraft:open_chest":4,"minecraft:crouch_one_cm":2942,"minecraft:play_time":20648,"minecraft:deaths":2,"minecraft:sneak_time":1412,"minecraft:walk_under_water_one_cm":1036,"minecraft:jump":465,"minecraft:interact_with_brewingstand":1,"minecraft:leave_game":1,"minecraft:time_since_death":16591,"minecraft:walk_on_water_one_cm":1368,"minecraft:total_world_time":20648,"minecraft:climb_one_cm":4345,"minecraft:fall_one_cm":17225,"minecraft:inspect_dispenser":1},"minecraft:used":{"minecraft:apple":1,"minecraft:bread":4,"minecraft:oak_planks":6,"minecraft:wooden_pickaxe":6,"twigs:roseate_seashell":1,"minecraft:cobblestone":1,"minecraft:beef":1,"minecraft:crafting_table":1,"minecraft:potato":17,"twigs:pebble":1,"minecraft:book":1,"minecraft:splash_potion":2},"minecraft:dropped":{"farmersdelight:onion":2,"minecraft:apple":4,"crabbersdelight:crab":1},"minecraft:killed":{"minecraft:cave_spider":1,"crabbersdelight:crab":1,"minecraft:cow":3},"minecraft:picked_up":{"minecraft:book":1,"crabbersdelight:crab":2,"minecraft:leather":2,"twigs:roseate_seashell":1,"minecraft:oak_log":5,"minecraft:string":4,"minecraft:peony":1,"twigs:pebble":1,"minecraft:beef":8,"delightful:green_tea_leaf":1,"minecraft:oak_planks":2,"minecraft:rail":3,"minecraft:cobblestone":6}},"DataVersion":3465}