{"stats":{"minecraft:picked_up":{"minecraft:crafting_table":1,"twigs:roseate_seashell":1,"minecraft:wooden_pickaxe":1,"spawnersplus:spawner_fragment":4,"minecraft:string":51,"minecraft:zombie_head":1,"supplementaries:bomb":3,"minecraft:gold_nugget":8,"minecraft:cobbled_deepslate":1,"twigs:pebble":1,"minecraft:beef":8,"delightful:green_tea_leaf":1,"minecraft:iron_boots":1,"minecraft:furnace":4,"minecraft:egg":1,"minecraft:raw_iron":110,"minecraft:stick":2,"minecraft:torch":12,"minecraft:rotten_flesh":13,"minecraft:arrow":5,"minecraft:peony":1,"supplementaries:antique_ink":1,"minecraft:black_banner":1,"supplementaries:ash":43,"minecraft:skeleton_skull":1,"minecraft:rail":4,"minecraft:white_wool":1,"minecraft:cobblestone":48,"minecraft:leather":2,"minecraft:oak_log":5,"supplementaries:flax_seeds":2,"minecraft:lapis_lazuli":37,"minecraft:dirt":2,"minecraft:bone":35,"minecraft:stone_bricks":3,"minecraft:bow":1,"minecraft:raw_gold":1,"twigs:twig":6,"minecraft:oak_planks":2,"minecraft:book":1,"minecraft:polished_andesite_stairs":1,"crabbersdelight:crab":2,"minecraft:amethyst_shard":14,"minecraft:white_bed":5,"minecraft:spider_eye":6,"minecraft:polished_andesite":1,"minecraft:emerald":2,"minecraft:oak_sapling":3,"minecraft:coal":88},"minecraft:killed":{"minecraft:cave_spider":3,"minecraft:spider":14,"minecraft:skeleton":9,"crabbersdelight:crab":1,"minecraft:creeper":1,"minecraft:zombie":36,"minecraft:player":1,"minecraft:cow":3},"minecraft:dropped":{"minecraft:iron_helmet":1,"minecraft:cobblestone":7,"minecraft:apple":4,"delightful:green_tea_leaf":1,"minecraft:stick":2,"minecraft:torch":2,"farmersdelight:onion":2,"minecraft:polished_andesite_stairs":1,"minecraft:stone_sword":1,"minecraft:oak_planks":1,"minecraft:iron_boots":1,"minecraft:white_bed":1,"minecraft:diamond_sword":1,"supplementaries:flax_seeds":2,"minecraft:tipped_arrow":3,"minecraft:peony":1,"minecraft:oak_sapling":3,"crabbersdelight:crab":1,"minecraft:stone_pickaxe":2,"minecraft:wooden_pickaxe":2,"minecraft:raw_gold":1,"minecraft:egg":1},"minecraft:crafted":{"minecraft:oak_planks":20,"minecraft:furnace":1,"minecraft:iron_boots":2,"minecraft:stone_pickaxe":2,"minecraft:cooked_beef":7,"minecraft:cooked_cod":1,"minecraft:diamond_sword":2,"minecraft:crafting_table":1,"minecraft:wooden_pickaxe":1,"minecraft:iron_helmet":2,"minecraft:cooked_salmon":3,"minecraft:air":0,"minecraft:iron_chestplate":2,"minecraft:shield":1,"minecraft:stick":16,"minecraft:iron_pickaxe":2,"minecraft:iron_ingot":49,"minecraft:stone_sword":1,"minecraft:iron_leggings":1,"minecraft:torch":4},"minecraft:custom":{"minecraft:interact_with_smithing_table":3,"minecraft:mob_kills":67,"minecraft:interact_with_crafting_table":17,"minecraft:open_barrel":19,"minecraft:leave_game":2,"minecraft:time_since_death":101911,"minecraft:climb_one_cm":15729,"minecraft:sprint_one_cm":231477,"minecraft:walk_one_cm":253281,"minecraft:damage_blocked_by_shield":230,"minecraft:drop":25,"minecraft:play_time":105968,"minecraft:deaths":2,"minecraft:sneak_time":13091,"minecraft:walk_under_water_one_cm":2057,"minecraft:boat_one_cm":17502,"minecraft:jump":1887,"minecraft:interact_with_brewingstand":2,"minecraft:walk_on_water_one_cm":8932,"minecraft:total_world_time":105968,"minecraft:interact_with_furnace":60,"minecraft:sleep_in_bed":3,"minecraft:time_since_rest":13166,"minecraft:damage_taken":1917,"minecraft:damage_dealt":11929,"minecraft:swim_one_cm":23158,"minecraft:fly_one_cm":323367,"minecraft:player_kills":1,"minecraft:open_chest":25,"minecraft:crouch_one_cm":28305,"minecraft:fall_one_cm":50444,"minecraft:inspect_dispenser":2},"minecraft:mined":{"minecraft:tuff":3,"minecraft:white_bed":5,"minecraft:jungle_leaves":1,"biomesoplenty:desert_grass":1,"minecraft:decorated_pot":1,"minecraft:spawner":4,"minecraft:tall_seagrass":1,"minecraft:sculk_catalyst":1,"minecraft:furnace":4,"minecraft:fire":1,"minecraft:iron_ore":64,"minecraft:cobbled_deepslate":3,"minecraft:deepslate_lapis_ore":5,"minecraft:peony":1,"minecraft:deepslate_iron_ore":44,"minecraft:vine":2,"biomesoplenty:webbing":3,"minecraft:stone":30,"biomesoplenty:spider_egg":2,"minecraft:tripwire":3,"supplementaries:book_pile_horizontal":1,"twigs:pebble":1,"minecraft:crafting_table":1,"minecraft:calcite":5,"minecraft:polished_andesite_stairs":1,"minecraft:sculk_sensor":1,"minecraft:cobblestone":15,"minecraft:deepslate_gold_ore":2,"minecraft:wall_torch":1,"minecraft:amethyst_block":7,"supplementaries:urn":51,"minecraft:black_wall_banner":1,"minecraft:grass":4,"minecraft:oak_log":4,"minecraft:coal_ore":66,"minecraft:dirt":5,"biomesoplenty:stringy_cobweb":1,"minecraft:cobweb":33,"minecraft:smooth_basalt":4,"minecraft:polished_andesite":2,"minecraft:stone_bricks":3,"minecraft:gold_ore":1,"minecraft:oak_leaves":2,"minecraft:deepslate":8,"minecraft:fern":4},"minecraft:killed_by":{"minecraft:player":1,"alexsmobs:elephant":1},"minecraft:used":{"minecraft:stone_sword":81,"minecraft:flint_and_steel":13,"minecraft:shield":6,"minecraft:cooked_salmon":1,"twigs:roseate_seashell":1,"minecraft:iron_chestplate":1,"minecraft:torch":2,"minecraft:dirt":2,"minecraft:iron_helmet":1,"minecraft:iron_boots":1,"minecraft:stone_bricks":3,"minecraft:bow":19,"minecraft:beef":1,"minecraft:furnace":2,"minecraft:cooked_beef":5,"minecraft:potato":18,"minecraft:cobbled_deepslate":1,"minecraft:iron_leggings":1,"minecraft:stone_pickaxe":166,"minecraft:polished_andesite":1,"minecraft:oak_planks":6,"minecraft:wooden_pickaxe":6,"minecraft:white_wool":1,"minecraft:crafting_table":2,"supplementaries:bomb":1,"minecraft:white_bed":3,"minecraft:book":1,"minecraft:apple":1,"minecraft:bread":25,"minecraft:iron_pickaxe":116,"minecraft:diamond_sword":193,"minecraft:cobblestone":22,"twigs:pebble":1,"minecraft:splash_potion":2}},"DataVersion":3465}