{"stats":{"minecraft:picked_up":{"minecraft:crafting_table":1,"twigs:roseate_seashell":1,"minecraft:wooden_pickaxe":1,"spawnersplus:spawner_fragment":8,"minecraft:string":52,"minecraft:zombie_head":1,"supplementaries:bomb":3,"minecraft:gold_nugget":8,"minecraft:cobbled_deepslate":8,"twigs:pebble":1,"minecraft:beef":8,"minecraft:iron_pickaxe":1,"delightful:green_tea_leaf":1,"minecraft:iron_boots":1,"minecraft:furnace":4,"minecraft:egg":1,"minecraft:stick":2,"minecraft:raw_iron":113,"minecraft:torch":16,"minecraft:arrow":8,"minecraft:rotten_flesh":20,"minecraft:peony":1,"supplementaries:antique_ink":2,"minecraft:black_banner":1,"supplementaries:ash":43,"minecraft:white_wool":1,"minecraft:skeleton_skull":10,"minecraft:rail":4,"minecraft:cobblestone":48,"minecraft:leather":2,"minecraft:oak_log":5,"supplementaries:flax_seeds":2,"minecraft:lapis_lazuli":37,"minecraft:dirt":2,"minecraft:bone":47,"minecraft:stone_bricks":3,"minecraft:bow":1,"minecraft:raw_gold":31,"galosphere:raw_silver":16,"twigs:twig":6,"minecraft:oak_planks":2,"minecraft:book":1,"minecraft:polished_andesite_stairs":1,"crabbersdelight:crab":2,"minecraft:amethyst_shard":14,"minecraft:white_bed":6,"minecraft:spider_eye":6,"minecraft:polished_andesite":1,"minecraft:diamond":3,"minecraft:emerald":2,"minecraft:oak_sapling":3,"minecraft:coal":88},"minecraft:killed":{"minecraft:cave_spider":3,"minecraft:spider":16,"minecraft:skeleton":15,"crabbersdelight:crab":1,"minecraft:creeper":2,"minecraft:zombie":53,"minecraft:player":1,"minecraft:cow":3},"minecraft:dropped":{"minecraft:iron_helmet":1,"minecraft:cobblestone":7,"minecraft:apple":4,"delightful:green_tea_leaf":1,"minecraft:stick":2,"minecraft:torch":2,"farmersdelight:onion":2,"minecraft:polished_andesite_stairs":1,"minecraft:iron_pickaxe":1,"minecraft:stone_sword":1,"minecraft:rotten_flesh":13,"minecraft:oak_planks":1,"minecraft:iron_boots":2,"minecraft:white_bed":1,"minecraft:diamond_sword":1,"supplementaries:flax_seeds":2,"minecraft:tipped_arrow":3,"minecraft:peony":1,"minecraft:oak_sapling":3,"minecraft:wooden_pickaxe":2,"crabbersdelight:crab":1,"minecraft:stone_pickaxe":2,"minecraft:raw_gold":1,"minecraft:egg":1},"minecraft:crafted":{"minecraft:oak_planks":20,"minecraft:furnace":1,"minecraft:iron_boots":2,"minecraft:stone_pickaxe":2,"galosphere:silver_ingot":14,"minecraft:cooked_beef":7,"minecraft:cooked_cod":1,"minecraft:diamond_sword":2,"minecraft:crafting_table":1,"minecraft:wooden_pickaxe":1,"minecraft:iron_helmet":2,"minecraft:cooked_salmon":3,"minecraft:air":0,"minecraft:iron_chestplate":2,"minecraft:shield":1,"minecraft:stick":16,"minecraft:iron_pickaxe":2,"minecraft:iron_ingot":49,"minecraft:stone_sword":1,"minecraft:iron_leggings":1,"minecraft:torch":4},"minecraft:custom":{"minecraft:interact_with_smithing_table":3,"minecraft:mob_kills":93,"minecraft:interact_with_crafting_table":17,"minecraft:open_barrel":40,"minecraft:leave_game":3,"minecraft:time_since_death":137894,"minecraft:climb_one_cm":15729,"minecraft:sprint_one_cm":283028,"minecraft:walk_one_cm":329298,"minecraft:damage_blocked_by_shield":410,"minecraft:drop":28,"minecraft:play_time":141951,"minecraft:deaths":2,"minecraft:sneak_time":21037,"minecraft:walk_under_water_one_cm":2057,"minecraft:boat_one_cm":17502,"minecraft:interact_with_brewingstand":2,"minecraft:jump":2301,"minecraft:walk_on_water_one_cm":8948,"minecraft:total_world_time":141951,"minecraft:interact_with_furnace":67,"minecraft:sleep_in_bed":4,"minecraft:time_since_rest":22280,"minecraft:damage_taken":2458,"minecraft:damage_dealt":16638,"minecraft:swim_one_cm":23158,"minecraft:fly_one_cm":372010,"minecraft:player_kills":1,"minecraft:open_chest":44,"minecraft:crouch_one_cm":54518,"minecraft:fall_one_cm":56591,"minecraft:inspect_dispenser":2},"minecraft:mined":{"minecraft:tuff":3,"minecraft:white_bed":6,"minecraft:deepslate_diamond_ore":3,"minecraft:sculk_vein":1,"minecraft:jungle_leaves":1,"biomesoplenty:desert_grass":1,"minecraft:decorated_pot":1,"minecraft:spawner":8,"minecraft:tall_seagrass":1,"minecraft:sculk_catalyst":2,"minecraft:furnace":4,"minecraft:iron_ore":64,"minecraft:cobbled_deepslate":6,"minecraft:fire":2,"minecraft:deepslate_lapis_ore":5,"minecraft:peony":1,"minecraft:vine":2,"minecraft:deepslate_iron_ore":47,"biomesoplenty:webbing":3,"minecraft:stone":30,"biomesoplenty:spider_egg":2,"minecraft:tripwire":3,"supplementaries:book_pile_horizontal":1,"twigs:pebble":1,"galosphere:deepslate_silver_ore":16,"minecraft:crafting_table":1,"minecraft:calcite":5,"minecraft:polished_andesite_stairs":1,"minecraft:sculk_sensor":5,"minecraft:cobblestone":15,"minecraft:deepslate_gold_ore":32,"minecraft:damaged_anvil":1,"minecraft:sculk":234,"minecraft:wall_torch":1,"minecraft:amethyst_block":7,"minecraft:skeleton_skull":9,"supplementaries:urn":57,"minecraft:black_wall_banner":1,"minecraft:grass":4,"minecraft:coal_ore":66,"minecraft:oak_log":4,"minecraft:gravel":1,"minecraft:dirt":5,"biomesoplenty:stringy_cobweb":1,"minecraft:cobweb":33,"minecraft:smooth_basalt":4,"minecraft:stone_bricks":3,"minecraft:polished_andesite":2,"minecraft:gold_ore":1,"minecraft:oak_leaves":2,"minecraft:deepslate":20,"minecraft:fern":4},"minecraft:killed_by":{"minecraft:player":1,"alexsmobs:elephant":1},"minecraft:used":{"minecraft:stone_sword":81,"minecraft:flint_and_steel":21,"minecraft:shield":11,"minecraft:cooked_salmon":3,"twigs:roseate_seashell":1,"minecraft:iron_chestplate":1,"minecraft:torch":11,"minecraft:dirt":2,"minecraft:honey_bottle":6,"minecraft:iron_helmet":1,"minecraft:iron_boots":1,"minecraft:stone_bricks":3,"minecraft:bow":20,"minecraft:beef":1,"minecraft:cooked_cod":1,"minecraft:furnace":2,"minecraft:cooked_beef":7,"minecraft:potato":18,"minecraft:cobbled_deepslate":4,"minecraft:iron_leggings":1,"minecraft:stone_pickaxe":166,"minecraft:polished_andesite":1,"minecraft:oak_planks":6,"minecraft:wooden_pickaxe":6,"minecraft:glow_berries":9,"minecraft:golden_apple":1,"minecraft:white_wool":1,"minecraft:crafting_table":2,"supplementaries:bomb":4,"minecraft:white_bed":4,"minecraft:book":1,"minecraft:apple":1,"minecraft:bread":25,"minecraft:iron_pickaxe":199,"minecraft:diamond_sword":279,"minecraft:cobblestone":22,"twigs:pebble":1,"minecraft:splash_potion":2}},"DataVersion":3465}