{"stats":{"minecraft:killed_by":{"minecraft:player":1,"alexsmobs:elephant":1},"minecraft:crafted":{"minecraft:cooked_beef":7,"minecraft:cooked_cod":1,"minecraft:oak_planks":20,"minecraft:diamond_sword":2,"minecraft:crafting_table":1,"minecraft:iron_helmet":1,"minecraft:wooden_pickaxe":1,"minecraft:furnace":1,"minecraft:cooked_salmon":3,"minecraft:air":0,"minecraft:iron_chestplate":2,"minecraft:stick":16,"minecraft:iron_ingot":27,"minecraft:iron_pickaxe":2,"minecraft:stone_pickaxe":2,"minecraft:stone_sword":1,"minecraft:torch":4},"minecraft:mined":{"supplementaries:book_pile_horizontal":1,"twigs:pebble":1,"minecraft:white_bed":3,"minecraft:jungle_leaves":1,"biomesoplenty:desert_grass":1,"minecraft:crafting_table":1,"minecraft:decorated_pot":1,"minecraft:polished_andesite_stairs":1,"minecraft:cobblestone":6,"minecraft:wall_torch":1,"minecraft:spawner":1,"minecraft:tall_seagrass":1,"minecraft:furnace":1,"minecraft:iron_ore":28,"minecraft:peony":1,"minecraft:grass":4,"minecraft:coal_ore":60,"minecraft:oak_log":4,"minecraft:deepslate_iron_ore":4,"minecraft:vine":1,"minecraft:dirt":5,"minecraft:cobweb":31,"minecraft:stone":27,"minecraft:polished_andesite":2,"minecraft:stone_bricks":3,"minecraft:deepslate":1,"minecraft:oak_leaves":2,"minecraft:tripwire":3,"minecraft:fern":4},"minecraft:custom":{"minecraft:interact_with_smithing_table":1,"minecraft:interact_with_furnace":34,"minecraft:mob_kills":20,"minecraft:interact_with_crafting_table":11,"minecraft:open_barrel":12,"minecraft:leave_game":1,"minecraft:time_since_death":52591,"minecraft:sleep_in_bed":1,"minecraft:climb_one_cm":8228,"minecraft:time_since_rest":15997,"minecraft:sprint_one_cm":95378,"minecraft:damage_taken":936,"minecraft:walk_one_cm":119629,"minecraft:drop":9,"minecraft:damage_dealt":3209,"minecraft:swim_one_cm":22905,"minecraft:fly_one_cm":151356,"minecraft:open_chest":17,"minecraft:crouch_one_cm":13385,"minecraft:play_time":56648,"minecraft:deaths":2,"minecraft:sneak_time":5833,"minecraft:walk_under_water_one_cm":1664,"minecraft:boat_one_cm":17502,"minecraft:interact_with_brewingstand":2,"minecraft:jump":835,"minecraft:walk_on_water_one_cm":6045,"minecraft:total_world_time":56648,"minecraft:inspect_dispenser":2,"minecraft:fall_one_cm":24970},"minecraft:used":{"minecraft:stone_sword":81,"minecraft:polished_andesite":1,"minecraft:stone_pickaxe":141,"minecraft:oak_planks":6,"minecraft:wooden_pickaxe":6,"twigs:roseate_seashell":1,"minecraft:iron_chestplate":1,"minecraft:white_wool":1,"minecraft:torch":2,"minecraft:dirt":2,"minecraft:crafting_table":1,"minecraft:white_bed":1,"minecraft:book":1,"minecraft:apple":1,"minecraft:bread":10,"minecraft:iron_helmet":1,"minecraft:stone_bricks":3,"minecraft:diamond_sword":5,"minecraft:cobblestone":1,"minecraft:beef":1,"minecraft:furnace":2,"twigs:pebble":1,"minecraft:potato":18,"minecraft:splash_potion":2},"minecraft:dropped":{"minecraft:oak_planks":1,"minecraft:apple":4,"minecraft:white_bed":1,"minecraft:diamond_sword":1,"minecraft:torch":2,"farmersdelight:onion":2,"crabbersdelight:crab":1,"minecraft:wooden_pickaxe":1},"minecraft:killed":{"minecraft:cave_spider":1,"minecraft:spider":13,"minecraft:zombie":2,"crabbersdelight:crab":1,"minecraft:cow":3},"minecraft:picked_up":{"minecraft:crafting_table":1,"twigs:roseate_seashell":1,"minecraft:leather":2,"minecraft:wooden_pickaxe":1,"minecraft:oak_log":5,"spawnersplus:spawner_fragment":1,"minecraft:dirt":2,"minecraft:string":44,"minecraft:stone_bricks":3,"twigs:pebble":1,"minecraft:beef":8,"delightful:green_tea_leaf":1,"minecraft:oak_planks":2,"minecraft:furnace":1,"minecraft:egg":1,"minecraft:book":1,"minecraft:polished_andesite_stairs":1,"minecraft:stick":2,"minecraft:raw_iron":31,"crabbersdelight:crab":2,"minecraft:torch":1,"minecraft:white_bed":3,"minecraft:spider_eye":5,"minecraft:polished_andesite":1,"minecraft:peony":1,"minecraft:coal":70,"minecraft:rail":3,"minecraft:white_wool":1,"minecraft:cobblestone":35}},"DataVersion":3465}