{"stats":{"minecraft:killed_by":{"minecraft:player":1,"alexsmobs:elephant":1},"minecraft:crafted":{"minecraft:oak_planks":20,"minecraft:crafting_table":1,"minecraft:stick":8,"minecraft:wooden_pickaxe":1,"minecraft:stone_pickaxe":1,"minecraft:stone_sword":1},"minecraft:mined":{"supplementaries:book_pile_horizontal":1,"minecraft:tall_seagrass":1,"twigs:pebble":1,"biomesoplenty:desert_grass":1,"minecraft:peony":1,"minecraft:grass":4,"minecraft:oak_log":4,"minecraft:polished_andesite_stairs":1,"minecraft:cobweb":31,"minecraft:cobblestone":6,"minecraft:fern":4,"minecraft:stone_bricks":3,"minecraft:polished_andesite":2,"minecraft:oak_leaves":2,"minecraft:tripwire":3,"minecraft:spawner":1},"minecraft:custom":{"minecraft:time_since_rest":28620,"minecraft:interact_with_smithing_table":1,"minecraft:sprint_one_cm":51613,"minecraft:damage_taken":886,"minecraft:walk_one_cm":71650,"minecraft:mob_kills":18,"minecraft:drop":3,"minecraft:damage_dealt":2789,"minecraft:swim_one_cm":16454,"minecraft:interact_with_crafting_table":3,"minecraft:fly_one_cm":102811,"minecraft:open_barrel":4,"minecraft:open_chest":6,"minecraft:crouch_one_cm":4099,"minecraft:play_time":32648,"minecraft:deaths":2,"minecraft:sneak_time":1839,"minecraft:walk_under_water_one_cm":1289,"minecraft:jump":537,"minecraft:interact_with_brewingstand":1,"minecraft:leave_game":1,"minecraft:time_since_death":28591,"minecraft:walk_on_water_one_cm":2061,"minecraft:total_world_time":32648,"minecraft:climb_one_cm":4651,"minecraft:fall_one_cm":19044,"minecraft:inspect_dispenser":2},"minecraft:used":{"minecraft:stone_sword":79,"minecraft:apple":1,"minecraft:bread":6,"minecraft:stone_pickaxe":7,"minecraft:oak_planks":6,"minecraft:wooden_pickaxe":6,"twigs:roseate_seashell":1,"minecraft:cobblestone":1,"minecraft:beef":1,"minecraft:crafting_table":1,"minecraft:potato":18,"twigs:pebble":1,"minecraft:book":1,"minecraft:splash_potion":2},"minecraft:dropped":{"farmersdelight:onion":2,"minecraft:apple":4,"crabbersdelight:crab":1},"minecraft:killed":{"minecraft:cave_spider":1,"minecraft:spider":13,"crabbersdelight:crab":1,"minecraft:cow":3},"minecraft:picked_up":{"minecraft:book":1,"minecraft:polished_andesite_stairs":1,"crabbersdelight:crab":2,"minecraft:leather":2,"twigs:roseate_seashell":1,"minecraft:oak_log":5,"spawnersplus:spawner_fragment":1,"minecraft:spider_eye":5,"minecraft:string":44,"minecraft:polished_andesite":1,"minecraft:stone_bricks":3,"minecraft:peony":1,"twigs:pebble":1,"minecraft:beef":8,"minecraft:egg":1,"delightful:green_tea_leaf":1,"minecraft:oak_planks":2,"minecraft:rail":3,"minecraft:cobblestone":6}},"DataVersion":3465}