{"stats":{"minecraft:picked_up":{"minecraft:crafting_table":1,"twigs:roseate_seashell":1,"minecraft:wooden_pickaxe":1,"spawnersplus:spawner_fragment":2,"minecraft:string":50,"minecraft:gold_nugget":8,"minecraft:cobbled_deepslate":1,"twigs:pebble":1,"minecraft:beef":8,"delightful:green_tea_leaf":1,"minecraft:iron_boots":1,"minecraft:furnace":4,"minecraft:egg":1,"minecraft:raw_iron":95,"minecraft:stick":2,"minecraft:torch":2,"minecraft:arrow":5,"minecraft:peony":1,"minecraft:black_banner":1,"supplementaries:ash":31,"minecraft:skeleton_skull":1,"minecraft:rail":4,"minecraft:white_wool":1,"minecraft:cobblestone":48,"minecraft:leather":2,"minecraft:oak_log":5,"minecraft:lapis_lazuli":37,"minecraft:dirt":2,"minecraft:bone":18,"minecraft:stone_bricks":3,"minecraft:bow":1,"minecraft:raw_gold":1,"twigs:twig":6,"minecraft:oak_planks":2,"minecraft:book":1,"minecraft:polished_andesite_stairs":1,"crabbersdelight:crab":2,"minecraft:amethyst_shard":14,"minecraft:white_bed":4,"minecraft:spider_eye":6,"minecraft:polished_andesite":1,"minecraft:emerald":2,"minecraft:oak_sapling":3,"minecraft:coal":88},"minecraft:killed":{"minecraft:cave_spider":3,"minecraft:spider":14,"minecraft:skeleton":8,"crabbersdelight:crab":1,"minecraft:creeper":1,"minecraft:zombie":16,"minecraft:player":1,"minecraft:cow":3},"minecraft:dropped":{"minecraft:iron_helmet":1,"minecraft:apple":4,"delightful:green_tea_leaf":1,"minecraft:torch":2,"farmersdelight:onion":2,"minecraft:polished_andesite_stairs":1,"minecraft:stone_sword":1,"minecraft:oak_planks":1,"minecraft:iron_boots":1,"minecraft:white_bed":1,"minecraft:diamond_sword":1,"minecraft:tipped_arrow":3,"minecraft:peony":1,"minecraft:oak_sapling":3,"crabbersdelight:crab":1,"minecraft:stone_pickaxe":2,"minecraft:wooden_pickaxe":2,"minecraft:egg":1},"minecraft:crafted":{"minecraft:oak_planks":20,"minecraft:furnace":1,"minecraft:iron_boots":2,"minecraft:stone_pickaxe":2,"minecraft:cooked_beef":7,"minecraft:cooked_cod":1,"minecraft:diamond_sword":2,"minecraft:crafting_table":1,"minecraft:wooden_pickaxe":1,"minecraft:iron_helmet":2,"minecraft:cooked_salmon":3,"minecraft:air":0,"minecraft:iron_chestplate":2,"minecraft:shield":1,"minecraft:stick":16,"minecraft:iron_pickaxe":2,"minecraft:iron_ingot":49,"minecraft:stone_sword":1,"minecraft:iron_leggings":1,"minecraft:torch":4},"minecraft:custom":{"minecraft:interact_with_smithing_table":3,"minecraft:mob_kills":46,"minecraft:interact_with_crafting_table":16,"minecraft:open_barrel":12,"minecraft:leave_game":1,"minecraft:time_since_death":86357,"minecraft:climb_one_cm":15729,"minecraft:sprint_one_cm":188997,"minecraft:walk_one_cm":216122,"minecraft:damage_blocked_by_shield":190,"minecraft:drop":21,"minecraft:play_time":90414,"minecraft:deaths":2,"minecraft:sneak_time":8890,"minecraft:walk_under_water_one_cm":1872,"minecraft:boat_one_cm":17502,"minecraft:jump":1458,"minecraft:interact_with_brewingstand":2,"minecraft:walk_on_water_one_cm":7326,"minecraft:total_world_time":90414,"minecraft:interact_with_furnace":58,"minecraft:sleep_in_bed":2,"minecraft:time_since_rest":16528,"minecraft:damage_taken":1687,"minecraft:damage_dealt":7859,"minecraft:swim_one_cm":23158,"minecraft:fly_one_cm":265350,"minecraft:player_kills":1,"minecraft:open_chest":22,"minecraft:crouch_one_cm":20551,"minecraft:fall_one_cm":40867,"minecraft:inspect_dispenser":2},"minecraft:mined":{"minecraft:tuff":1,"minecraft:white_bed":4,"minecraft:jungle_leaves":1,"biomesoplenty:desert_grass":1,"minecraft:decorated_pot":1,"minecraft:spawner":2,"minecraft:tall_seagrass":1,"minecraft:furnace":4,"minecraft:iron_ore":64,"minecraft:cobbled_deepslate":1,"minecraft:deepslate_lapis_ore":5,"minecraft:peony":1,"minecraft:deepslate_iron_ore":28,"minecraft:vine":2,"biomesoplenty:webbing":2,"minecraft:stone":30,"biomesoplenty:spider_egg":2,"minecraft:tripwire":3,"supplementaries:book_pile_horizontal":1,"twigs:pebble":1,"minecraft:crafting_table":1,"minecraft:calcite":5,"minecraft:polished_andesite_stairs":1,"minecraft:cobblestone":15,"minecraft:deepslate_gold_ore":2,"minecraft:wall_torch":1,"minecraft:amethyst_block":7,"supplementaries:urn":33,"minecraft:black_wall_banner":1,"minecraft:grass":4,"minecraft:oak_log":4,"minecraft:coal_ore":66,"minecraft:dirt":5,"biomesoplenty:stringy_cobweb":1,"minecraft:cobweb":32,"minecraft:smooth_basalt":4,"minecraft:polished_andesite":2,"minecraft:stone_bricks":3,"minecraft:gold_ore":1,"minecraft:oak_leaves":2,"minecraft:deepslate":3,"minecraft:fern":4},"minecraft:killed_by":{"minecraft:player":1,"alexsmobs:elephant":1},"minecraft:used":{"minecraft:stone_sword":81,"minecraft:flint_and_steel":5,"minecraft:shield":5,"twigs:roseate_seashell":1,"minecraft:iron_chestplate":1,"minecraft:torch":2,"minecraft:dirt":2,"minecraft:iron_helmet":1,"minecraft:iron_boots":1,"minecraft:stone_bricks":3,"minecraft:bow":18,"minecraft:beef":1,"minecraft:furnace":2,"minecraft:cooked_beef":2,"minecraft:potato":18,"minecraft:cobbled_deepslate":1,"minecraft:iron_leggings":1,"minecraft:stone_pickaxe":166,"minecraft:polished_andesite":1,"minecraft:oak_planks":6,"minecraft:wooden_pickaxe":6,"minecraft:white_wool":1,"minecraft:crafting_table":2,"minecraft:white_bed":2,"minecraft:book":1,"minecraft:apple":1,"minecraft:bread":25,"minecraft:iron_pickaxe":88,"minecraft:diamond_sword":107,"minecraft:cobblestone":19,"twigs:pebble":1,"minecraft:splash_potion":2}},"DataVersion":3465}