{"stats":{"minecraft:killed_by":{"minecraft:player":1,"alexsmobs:elephant":1},"minecraft:crafted":{"minecraft:oak_planks":4},"minecraft:mined":{"supplementaries:book_pile_horizontal":1,"twigs:pebble":1,"biomesoplenty:desert_grass":1,"minecraft:peony":1,"minecraft:grass":3,"minecraft:tripwire":3,"minecraft:oak_leaves":2},"minecraft:custom":{"minecraft:time_since_rest":10977,"minecraft:interact_with_smithing_table":1,"minecraft:sprint_one_cm":33057,"minecraft:damage_taken":786,"minecraft:walk_one_cm":34267,"minecraft:mob_kills":5,"minecraft:drop":3,"minecraft:damage_dealt":729,"minecraft:swim_one_cm":12056,"minecraft:fly_one_cm":85732,"minecraft:open_barrel":4,"minecraft:open_chest":4,"minecraft:crouch_one_cm":1200,"minecraft:play_time":15005,"minecraft:deaths":2,"minecraft:sneak_time":754,"minecraft:walk_under_water_one_cm":1036,"minecraft:jump":427,"minecraft:interact_with_brewingstand":1,"minecraft:leave_game":1,"minecraft:walk_on_water_one_cm":849,"minecraft:time_since_death":10948,"minecraft:climb_one_cm":3067,"minecraft:total_world_time":15005,"minecraft:fall_one_cm":16472,"minecraft:inspect_dispenser":1},"minecraft:used":{"minecraft:apple":1,"minecraft:bread":4,"minecraft:oak_planks":6,"twigs:roseate_seashell":1,"minecraft:beef":1,"twigs:pebble":1,"minecraft:potato":12,"minecraft:splash_potion":2,"minecraft:book":1},"minecraft:dropped":{"farmersdelight:onion":2,"minecraft:apple":4,"crabbersdelight:crab":1},"minecraft:killed":{"minecraft:cave_spider":1,"crabbersdelight:crab":1,"minecraft:cow":3},"minecraft:picked_up":{"minecraft:book":1,"crabbersdelight:crab":2,"twigs:roseate_seashell":1,"minecraft:leather":2,"minecraft:oak_log":1,"minecraft:string":4,"minecraft:peony":1,"twigs:pebble":1,"minecraft:beef":8,"minecraft:oak_planks":2,"delightful:green_tea_leaf":1}},"DataVersion":3465}