{"stats":{"minecraft:killed_by":{"minecraft:player":1,"alexsmobs:elephant":1},"minecraft:crafted":{"minecraft:cooked_beef":7,"minecraft:oak_planks":20,"minecraft:diamond_sword":2,"minecraft:crafting_table":1,"minecraft:wooden_pickaxe":1,"minecraft:furnace":1,"minecraft:cooked_salmon":3,"minecraft:air":0,"minecraft:stick":8,"minecraft:stone_pickaxe":1,"minecraft:stone_sword":1,"minecraft:torch":4},"minecraft:mined":{"supplementaries:book_pile_horizontal":1,"twigs:pebble":1,"minecraft:white_bed":3,"biomesoplenty:desert_grass":1,"minecraft:polished_andesite_stairs":1,"minecraft:cobblestone":6,"minecraft:spawner":1,"minecraft:tall_seagrass":1,"minecraft:peony":1,"minecraft:grass":4,"minecraft:coal_ore":60,"minecraft:oak_log":4,"minecraft:dirt":5,"minecraft:cobweb":31,"minecraft:stone":11,"minecraft:polished_andesite":2,"minecraft:stone_bricks":3,"minecraft:oak_leaves":2,"minecraft:tripwire":3,"minecraft:fern":4},"minecraft:custom":{"minecraft:interact_with_smithing_table":1,"minecraft:interact_with_furnace":9,"minecraft:mob_kills":19,"minecraft:interact_with_crafting_table":6,"minecraft:open_barrel":8,"minecraft:leave_game":1,"minecraft:time_since_death":40591,"minecraft:sleep_in_bed":1,"minecraft:climb_one_cm":5788,"minecraft:time_since_rest":3997,"minecraft:sprint_one_cm":70208,"minecraft:damage_taken":896,"minecraft:walk_one_cm":89298,"minecraft:drop":8,"minecraft:damage_dealt":2869,"minecraft:swim_one_cm":22905,"minecraft:fly_one_cm":129471,"minecraft:open_chest":8,"minecraft:crouch_one_cm":7131,"minecraft:play_time":44648,"minecraft:deaths":2,"minecraft:sneak_time":3421,"minecraft:walk_under_water_one_cm":1664,"minecraft:boat_one_cm":17502,"minecraft:interact_with_brewingstand":1,"minecraft:jump":700,"minecraft:walk_on_water_one_cm":6045,"minecraft:total_world_time":44648,"minecraft:inspect_dispenser":2,"minecraft:fall_one_cm":22216},"minecraft:used":{"minecraft:stone_sword":81,"minecraft:polished_andesite":1,"minecraft:stone_pickaxe":84,"minecraft:oak_planks":6,"minecraft:wooden_pickaxe":6,"twigs:roseate_seashell":1,"minecraft:white_wool":1,"minecraft:dirt":2,"minecraft:crafting_table":1,"minecraft:white_bed":1,"minecraft:book":1,"minecraft:apple":1,"minecraft:bread":8,"minecraft:cobblestone":1,"minecraft:beef":1,"minecraft:furnace":1,"twigs:pebble":1,"minecraft:potato":18,"minecraft:splash_potion":2},"minecraft:dropped":{"minecraft:apple":4,"minecraft:white_bed":1,"minecraft:diamond_sword":1,"minecraft:torch":2,"farmersdelight:onion":2,"crabbersdelight:crab":1,"minecraft:wooden_pickaxe":1},"minecraft:killed":{"minecraft:cave_spider":1,"minecraft:spider":13,"minecraft:zombie":1,"crabbersdelight:crab":1,"minecraft:cow":3},"minecraft:picked_up":{"twigs:roseate_seashell":1,"minecraft:leather":2,"minecraft:wooden_pickaxe":1,"minecraft:oak_log":5,"spawnersplus:spawner_fragment":1,"minecraft:dirt":2,"minecraft:string":44,"minecraft:stone_bricks":3,"twigs:pebble":1,"minecraft:beef":8,"delightful:green_tea_leaf":1,"minecraft:oak_planks":2,"minecraft:egg":1,"minecraft:book":1,"minecraft:polished_andesite_stairs":1,"crabbersdelight:crab":2,"minecraft:white_bed":3,"minecraft:spider_eye":5,"minecraft:polished_andesite":1,"minecraft:peony":1,"minecraft:coal":55,"minecraft:rail":3,"minecraft:white_wool":1,"minecraft:cobblestone":17}},"DataVersion":3465}