{"stats":{"minecraft:picked_up":{"minecraft:crafting_table":1,"twigs:roseate_seashell":1,"minecraft:diamond_sword":1,"minecraft:wooden_pickaxe":1,"spawnersplus:spawner_fragment":19,"minecraft:shield":1,"minecraft:string":54,"minecraft:flint_and_steel":1,"minecraft:zombie_head":1,"supplementaries:bomb":3,"minecraft:gold_nugget":8,"minecraft:cobbled_deepslate":31,"minecraft:bucket":2,"twigs:pebble":1,"minecraft:beef":9,"minecraft:oak_boat":2,"minecraft:iron_pickaxe":1,"minecraft:melon_slice":4,"delightful:green_tea_leaf":1,"minecraft:iron_boots":1,"minecraft:furnace":4,"minecraft:egg":1,"minecraft:stick":2,"minecraft:raw_iron":113,"minecraft:torch":27,"minecraft:arrow":13,"minecraft:rotten_flesh":20,"minecraft:peony":1,"supplementaries:antique_ink":2,"farmersdelight:rope":46,"minecraft:black_banner":1,"supplementaries:ash":51,"alexsmobs:flying_fish":1,"minecraft:white_wool":1,"minecraft:skeleton_skull":11,"minecraft:rail":4,"minecraft:cobblestone":55,"minecraft:nautilus_shell":2,"minecraft:tripwire_hook":1,"minecraft:salmon":1,"minecraft:leather":6,"minecraft:birch_planks":2,"minecraft:oak_log":6,"supplementaries:flax_seeds":2,"minecraft:lapis_lazuli":37,"minecraft:dirt":2,"minecraft:bone":110,"minecraft:stone_bricks":3,"minecraft:bow":3,"minecraft:raw_gold":32,"minecraft:bamboo":8,"galosphere:raw_silver":16,"twigs:twig":6,"minecraft:oak_planks":2,"minecraft:book":1,"minecraft:polished_andesite_stairs":1,"crabbersdelight:crab":2,"minecraft:amethyst_shard":14,"minecraft:white_bed":7,"minecraft:spider_eye":6,"minecraft:polished_andesite":1,"waystones:waystone":2,"minecraft:diamond":11,"minecraft:iron_helmet":1,"minecraft:golden_apple":1,"minecraft:emerald":2,"minecraft:baked_potato":20,"minecraft:oak_sapling":3,"minecraft:coal":88},"minecraft:killed":{"minecraft:cave_spider":3,"minecraft:spider":18,"minecraft:skeleton":19,"minecraft:guardian":1,"alexsmobs:blue_jay":1,"crabbersdelight:crab":1,"minecraft:creeper":2,"minecraft:zombie":56,"alexsmobs:cachalot_whale":1,"minecraft:player":1,"minecraft:cow":7},"minecraft:dropped":{"minecraft:diamond":4,"minecraft:iron_helmet":3,"minecraft:cobblestone":7,"minecraft:apple":4,"delightful:green_tea_leaf":1,"minecraft:golden_apple":1,"minecraft:stick":2,"minecraft:torch":2,"minecraft:melon_slice":4,"alexsmobs:flying_fish":1,"minecraft:zombie_head":1,"farmersdelight:onion":2,"minecraft:polished_andesite_stairs":1,"minecraft:iron_pickaxe":2,"minecraft:tripwire_hook":1,"minecraft:string":2,"minecraft:bucket":2,"minecraft:bone":58,"spawnersplus:spawner_fragment":8,"minecraft:furnace":3,"minecraft:stone_sword":1,"minecraft:cobbled_deepslate":3,"minecraft:experience_bottle":9,"minecraft:rotten_flesh":13,"minecraft:oak_planks":1,"minecraft:iron_boots":2,"minecraft:white_bed":1,"minecraft:salmon":1,"minecraft:flint_and_steel":2,"minecraft:diamond_sword":2,"supplementaries:flax_seeds":2,"minecraft:tipped_arrow":3,"minecraft:shield":1,"minecraft:peony":1,"minecraft:oak_sapling":3,"farmersdelight:rope":46,"minecraft:bow":2,"minecraft:wooden_pickaxe":2,"crabbersdelight:crab":1,"minecraft:stone_pickaxe":2,"minecraft:raw_gold":1,"minecraft:nautilus_shell":2,"minecraft:egg":1},"minecraft:crafted":{"minecraft:oak_planks":24,"minecraft:furnace":1,"minecraft:iron_boots":2,"minecraft:stone_pickaxe":2,"galosphere:silver_ingot":14,"backpacked:backpack":1,"minecraft:cooked_beef":7,"minecraft:cooked_cod":1,"minecraft:diamond_sword":2,"minecraft:crafting_table":2,"minecraft:wooden_pickaxe":1,"minecraft:iron_helmet":2,"minecraft:cooked_salmon":3,"minecraft:air":0,"minecraft:iron_chestplate":2,"minecraft:shield":1,"minecraft:stick":20,"minecraft:iron_pickaxe":3,"minecraft:iron_ingot":49,"minecraft:stone_sword":1,"minecraft:iron_leggings":1,"minecraft:torch":4},"minecraft:custom":{"minecraft:interact_with_smithing_table":3,"minecraft:mob_kills":109,"minecraft:interact_with_crafting_table":22,"minecraft:open_barrel":62,"minecraft:leave_game":3,"minecraft:time_since_death":197894,"minecraft:climb_one_cm":26374,"minecraft:sprint_one_cm":388879,"minecraft:walk_one_cm":491711,"minecraft:damage_blocked_by_shield":490,"minecraft:drop":60,"minecraft:play_time":201951,"minecraft:deaths":2,"minecraft:sneak_time":25306,"minecraft:walk_under_water_one_cm":18247,"minecraft:boat_one_cm":289738,"minecraft:interact_with_brewingstand":2,"minecraft:jump":3225,"minecraft:walk_on_water_one_cm":21463,"minecraft:total_world_time":201951,"minecraft:interact_with_furnace":71,"minecraft:sleep_in_bed":7,"minecraft:waystone_activated":1,"minecraft:time_since_rest":15664,"minecraft:damage_taken":2705,"minecraft:damage_dealt":18884,"minecraft:swim_one_cm":67811,"minecraft:fly_one_cm":522359,"minecraft:player_kills":1,"minecraft:open_chest":59,"minecraft:crouch_one_cm":67221,"minecraft:interact_with_smoker":1,"minecraft:fall_one_cm":77657,"minecraft:inspect_dispenser":2},"minecraft:mined":{"minecraft:dark_prismarine":8,"minecraft:tuff":3,"minecraft:white_bed":7,"minecraft:deepslate_diamond_ore":7,"minecraft:sculk_vein":1,"minecraft:jungle_leaves":1,"biomesoplenty:desert_grass":1,"minecraft:grass_block":1,"minecraft:decorated_pot":1,"minecraft:white_concrete":2,"minecraft:spawner":11,"minecraft:tall_seagrass":1,"minecraft:oxidized_cut_copper":2,"minecraft:sculk_catalyst":2,"minecraft:furnace":4,"minecraft:iron_ore":64,"minecraft:cobbled_deepslate":6,"minecraft:fire":3,"minecraft:deepslate_lapis_ore":5,"minecraft:peony":1,"biomesoplenty:high_grass":57,"minecraft:vine":2,"minecraft:deepslate_iron_ore":49,"biomesoplenty:webbing":3,"minecraft:bamboo":1,"minecraft:stone":33,"biomesoplenty:spider_egg":2,"minecraft:tripwire":3,"supplementaries:book_pile_horizontal":1,"minecraft:oak_slab":2,"twigs:pebble":2,"minecraft:redstone_block":1,"galosphere:deepslate_silver_ore":16,"minecraft:crafting_table":1,"minecraft:melon":4,"minecraft:calcite":5,"minecraft:polished_andesite_stairs":1,"minecraft:sculk_sensor":5,"biomesoplenty:high_grass_plant":77,"minecraft:tall_grass":1,"minecraft:cobblestone":15,"minecraft:prismarine":7,"minecraft:deepslate_gold_ore":33,"minecraft:damaged_anvil":1,"minecraft:sculk":234,"minecraft:wall_torch":1,"minecraft:amethyst_block":7,"minecraft:skeleton_skull":9,"supplementaries:urn":62,"minecraft:prismarine_bricks":3,"minecraft:birch_planks":2,"minecraft:black_wall_banner":1,"minecraft:dark_prismarine_slab":1,"minecraft:grass":16,"minecraft:coal_ore":66,"minecraft:oak_log":5,"minecraft:gravel":1,"minecraft:dirt":5,"biomesoplenty:stringy_cobweb":1,"minecraft:cobweb":33,"minecraft:smooth_basalt":4,"minecraft:prismarine_stairs":1,"minecraft:stone_bricks":3,"minecraft:polished_andesite":2,"minecraft:gold_ore":1,"minecraft:oak_leaves":2,"minecraft:deepslate":50,"minecraft:fern":4},"minecraft:killed_by":{"minecraft:player":1,"alexsmobs:elephant":1},"minecraft:used":{"minecraft:stone_sword":81,"minecraft:flint_and_steel":24,"minecraft:shield":13,"minecraft:cooked_salmon":3,"twigs:roseate_seashell":1,"minecraft:iron_chestplate":1,"minecraft:torch":11,"minecraft:dirt":2,"minecraft:honey_bottle":6,"minecraft:iron_helmet":1,"minecraft:iron_boots":1,"minecraft:stone_bricks":3,"minecraft:bow":54,"minecraft:beef":1,"minecraft:cooked_cod":1,"minecraft:furnace":2,"minecraft:cooked_beef":7,"minecraft:potato":18,"minecraft:cobbled_deepslate":24,"minecraft:iron_leggings":1,"minecraft:baked_potato":11,"minecraft:stone_pickaxe":166,"minecraft:polished_andesite":1,"minecraft:oak_planks":6,"minecraft:wooden_pickaxe":6,"minecraft:glow_berries":10,"minecraft:golden_apple":1,"minecraft:white_wool":1,"minecraft:crafting_table":3,"supplementaries:bomb":4,"minecraft:white_bed":5,"minecraft:book":1,"waystones:waystone":1,"minecraft:apple":1,"minecraft:bread":25,"minecraft:iron_pickaxe":274,"minecraft:diamond_sword":402,"minecraft:cobblestone":29,"minecraft:bucket":1,"minecraft:oak_boat":2,"twigs:pebble":1,"minecraft:splash_potion":2}},"DataVersion":3465}