{"stats":{"minecraft:killed_by":{"minecraft:player":1,"alexsmobs:elephant":1},"minecraft:crafted":{"minecraft:cooked_beef":7,"minecraft:cooked_cod":1,"minecraft:oak_planks":20,"minecraft:diamond_sword":2,"minecraft:crafting_table":1,"minecraft:iron_helmet":2,"minecraft:wooden_pickaxe":1,"minecraft:furnace":1,"minecraft:cooked_salmon":3,"minecraft:air":0,"minecraft:iron_boots":2,"minecraft:iron_chestplate":2,"minecraft:stick":16,"minecraft:iron_ingot":49,"minecraft:iron_pickaxe":2,"minecraft:stone_pickaxe":2,"minecraft:stone_sword":1,"minecraft:iron_leggings":1,"minecraft:torch":4},"minecraft:mined":{"supplementaries:book_pile_horizontal":1,"twigs:pebble":1,"minecraft:white_bed":3,"minecraft:jungle_leaves":1,"biomesoplenty:desert_grass":1,"minecraft:crafting_table":1,"minecraft:decorated_pot":1,"minecraft:polished_andesite_stairs":1,"minecraft:cobblestone":6,"minecraft:wall_torch":1,"minecraft:spawner":1,"supplementaries:urn":9,"minecraft:tall_seagrass":1,"minecraft:furnace":4,"minecraft:iron_ore":57,"minecraft:peony":1,"minecraft:grass":4,"minecraft:coal_ore":64,"minecraft:oak_log":4,"minecraft:deepslate_iron_ore":4,"minecraft:vine":1,"minecraft:dirt":5,"minecraft:cobweb":31,"biomesoplenty:spider_egg":1,"minecraft:stone":27,"minecraft:polished_andesite":2,"minecraft:stone_bricks":3,"minecraft:deepslate":1,"minecraft:oak_leaves":2,"minecraft:tripwire":3,"minecraft:fern":4},"minecraft:custom":{"minecraft:interact_with_smithing_table":1,"minecraft:interact_with_furnace":58,"minecraft:mob_kills":30,"minecraft:interact_with_crafting_table":16,"minecraft:open_barrel":12,"minecraft:leave_game":1,"minecraft:time_since_death":64591,"minecraft:sleep_in_bed":1,"minecraft:climb_one_cm":13102,"minecraft:time_since_rest":27997,"minecraft:sprint_one_cm":120910,"minecraft:damage_taken":1386,"minecraft:walk_one_cm":155656,"minecraft:damage_blocked_by_shield":90,"minecraft:drop":19,"minecraft:damage_dealt":5278,"minecraft:swim_one_cm":22905,"minecraft:fly_one_cm":191344,"minecraft:open_chest":17,"minecraft:crouch_one_cm":15386,"minecraft:play_time":68648,"minecraft:deaths":2,"minecraft:sneak_time":6562,"minecraft:walk_under_water_one_cm":1664,"minecraft:boat_one_cm":17502,"minecraft:interact_with_brewingstand":2,"minecraft:jump":1047,"minecraft:walk_on_water_one_cm":7313,"minecraft:total_world_time":68648,"minecraft:inspect_dispenser":2,"minecraft:fall_one_cm":30376},"minecraft:used":{"minecraft:stone_sword":81,"minecraft:flint_and_steel":5,"minecraft:polished_andesite":1,"minecraft:stone_pickaxe":166,"minecraft:oak_planks":6,"minecraft:shield":2,"minecraft:wooden_pickaxe":6,"twigs:roseate_seashell":1,"minecraft:iron_chestplate":1,"minecraft:white_wool":1,"minecraft:torch":2,"minecraft:dirt":2,"minecraft:crafting_table":2,"minecraft:white_bed":1,"minecraft:book":1,"minecraft:apple":1,"minecraft:bread":18,"minecraft:iron_pickaxe":11,"minecraft:iron_helmet":1,"minecraft:iron_boots":1,"minecraft:stone_bricks":3,"minecraft:diamond_sword":42,"minecraft:cobblestone":1,"minecraft:beef":1,"minecraft:furnace":2,"minecraft:iron_leggings":1,"twigs:pebble":1,"minecraft:potato":18,"minecraft:splash_potion":2},"minecraft:dropped":{"minecraft:stone_sword":1,"minecraft:iron_helmet":1,"minecraft:iron_boots":1,"minecraft:oak_planks":1,"delightful:green_tea_leaf":1,"minecraft:apple":4,"minecraft:white_bed":1,"minecraft:diamond_sword":1,"minecraft:torch":2,"minecraft:peony":1,"minecraft:oak_sapling":3,"minecraft:polished_andesite_stairs":1,"farmersdelight:onion":2,"minecraft:stone_pickaxe":2,"crabbersdelight:crab":1,"minecraft:wooden_pickaxe":1,"minecraft:egg":1},"minecraft:killed":{"minecraft:cave_spider":2,"minecraft:spider":13,"minecraft:creeper":1,"minecraft:skeleton":6,"minecraft:zombie":4,"crabbersdelight:crab":1,"minecraft:cow":3},"minecraft:picked_up":{"minecraft:crafting_table":1,"twigs:roseate_seashell":1,"minecraft:leather":2,"minecraft:wooden_pickaxe":1,"minecraft:oak_log":5,"spawnersplus:spawner_fragment":1,"minecraft:dirt":2,"minecraft:string":49,"minecraft:bone":2,"minecraft:stone_bricks":3,"minecraft:bow":1,"minecraft:gold_nugget":8,"twigs:pebble":1,"minecraft:beef":8,"twigs:twig":6,"delightful:green_tea_leaf":1,"minecraft:oak_planks":2,"minecraft:iron_boots":1,"minecraft:furnace":4,"minecraft:egg":1,"minecraft:book":1,"minecraft:polished_andesite_stairs":1,"minecraft:stick":2,"minecraft:raw_iron":59,"crabbersdelight:crab":2,"minecraft:torch":1,"minecraft:amethyst_shard":14,"minecraft:white_bed":3,"minecraft:spider_eye":6,"minecraft:polished_andesite":1,"minecraft:arrow":5,"minecraft:peony":1,"minecraft:emerald":2,"supplementaries:ash":7,"minecraft:oak_sapling":3,"minecraft:coal":86,"minecraft:rail":4,"minecraft:white_wool":1,"minecraft:cobblestone":35}},"DataVersion":3465}