{
  "minecraft:recipes/decorations/crafting_table": {
    "criteria": {
      "unlock_right_away": "2024-11-25 02:41:14 +0000"
    },
    "done": true
  },
  "betterdungeons:root": {
    "criteria": {
      "always": "2024-11-25 02:41:14 +0000"
    },
    "done": true
  },
  "mowziesmobs:root": {
    "criteria": {
      "custom_test_name": "2024-11-25 02:41:14 +0000"
    },
    "done": true
  },
  "yungscavebiomes:root": {
    "criteria": {
      "always": "2024-11-25 02:41:14 +0000"
    },
    "done": true
  },
  "takesapillage:root": {
    "criteria": {
      "always": "2024-11-25 02:41:14 +0000"
    },
    "done": true
  },
  "adorabuild_structures:overworld_structures": {
    "criteria": {
      "always": "2024-11-25 02:41:14 +0000"
    },
    "done": true
  },
  "repurposed_structures:root": {
    "criteria": {
      "always": "2024-11-25 02:41:14 +0000"
    },
    "done": true
  },
  "dungeons_arise:wda_root": {
    "criteria": {
      "WDA": "2024-11-25 02:41:14 +0000"
    },
    "done": true
  },
  "cataclysm:root": {
    "criteria": {
      "custom_test_name": "2024-11-25 02:41:14 +0000"
    },
    "done": true
  },
  "betternether:root": {
    "criteria": {
      "welcome": "2024-11-25 02:41:15 +0000"
    },
    "done": true
  },
  "betterend:root": {
    "criteria": {
      "welcome": "2024-11-25 02:41:15 +0000"
    },
    "done": true
  },
  "biomesoplenty:biomesoplenty/all_biomes": {
    "criteria": {
      "woodland": "2024-11-25 02:50:06 +0000",
      "scrubland": "2024-11-25 02:41:59 +0000",
      "mediterranean_forest": "2024-11-25 02:46:28 +0000",
      "prairie": "2024-11-25 02:41:15 +0000",
      "rainforest": "2024-11-25 02:50:49 +0000"
    },
    "done": false
  },
  "biomesoplenty:biomesoplenty/root": {
    "criteria": {
      "prairie": "2024-11-25 02:41:15 +0000"
    },
    "done": true
  },
  "minecraft:adventure/root": {
    "criteria": {
      "killed_by_something": "2024-11-25 02:42:03 +0000"
    },
    "done": true
  },
  "adorabuild_structures:tireless_legs": {
    "criteria": {
      "oak_house_medium_2": "2024-11-25 02:42:54 +0000"
    },
    "done": false
  },
  "crabbersdelight:main/root": {
    "criteria": {
      "seeds": "2024-11-25 02:42:57 +0000"
    },
    "done": true
  },
  "farmersdelight:recipes/food/barbecue_stick": {
    "criteria": {
      "has_onion": "2024-11-25 02:42:57 +0000"
    },
    "done": true
  },
  "farmersdelight:recipes/cooking/dumplings": {
    "criteria": {
      "has_any_ingredient": "2024-11-25 02:42:57 +0000"
    },
    "done": true
  },
  "farmersdelight:recipes/cooking/fried_rice": {
    "criteria": {
      "has_any_ingredient": "2024-11-25 02:42:57 +0000"
    },
    "done": true
  },
  "farmersdelight:main/root": {
    "criteria": {
      "seeds": "2024-11-25 02:42:57 +0000"
    },
    "done": true
  },
  "farmersdelight:recipes/cooking/ratatouille": {
    "criteria": {
      "has_any_ingredient": "2024-11-25 02:42:57 +0000"
    },
    "done": true
  },
  "farmersdelight:recipes/cooking/vegetable_soup": {
    "criteria": {
      "has_any_ingredient": "2024-11-25 02:42:57 +0000"
    },
    "done": true
  },
  "farmersdelight:main/get_fd_seed": {
    "criteria": {
      "onion": "2024-11-25 02:42:57 +0000"
    },
    "done": true
  },
  "farmersdelight:recipes/cooking/fish_stew": {
    "criteria": {
      "has_any_ingredient": "2024-11-25 02:42:57 +0000"
    },
    "done": true
  },
  "farmersdelight:recipes/building_blocks/onion_crate": {
    "criteria": {
      "has_onion": "2024-11-25 02:42:57 +0000"
    },
    "done": true
  },
  "farmersdelight:recipes/cooking/apple_cider": {
    "criteria": {
      "has_apple": "2024-11-25 02:43:05 +0000"
    },
    "done": true
  },
  "delightful:recipes/food/cooking/jelly_bottle": {
    "criteria": {
      "has_sweet_fruit": "2024-11-25 02:43:05 +0000"
    },
    "done": true
  },
  "delightful:recipes/food/cooking/sinigang_no_ginger_citrus": {
    "criteria": {
      "has_ginger": "2024-11-25 02:43:05 +0000"
    },
    "done": true
  },
  "minecraft:recipes/food/baked_potato_from_campfire_cooking": {
    "criteria": {
      "has_potato": "2024-11-25 02:43:06 +0000"
    },
    "done": true
  },
  "farmersdelight:recipes/cooking/beef_stew": {
    "criteria": {
      "has_any_ingredient": "2024-11-25 02:43:06 +0000"
    },
    "done": true
  },
  "farmersdelight:recipes/cooking/baked_cod_stew": {
    "criteria": {
      "has_any_ingredient": "2024-11-25 02:43:06 +0000"
    },
    "done": true
  },
  "minecraft:recipes/food/baked_potato_from_smoking": {
    "criteria": {
      "has_potato": "2024-11-25 02:43:06 +0000"
    },
    "done": true
  },
  "minecraft:recipes/food/baked_potato": {
    "criteria": {
      "has_potato": "2024-11-25 02:43:06 +0000"
    },
    "done": true
  },
  "biomesoplenty:recipes/transportation/willow_boat": {
    "criteria": {
      "in_water": "2024-11-25 02:43:59 +0000"
    },
    "done": true
  },
  "biomesoplenty:recipes/transportation/dead_boat": {
    "criteria": {
      "in_water": "2024-11-25 02:43:59 +0000"
    },
    "done": true
  },
  "biomesoplenty:recipes/transportation/magic_boat": {
    "criteria": {
      "in_water": "2024-11-25 02:43:59 +0000"
    },
    "done": true
  },
  "biomesoplenty:recipes/transportation/pine_boat": {
    "criteria": {
      "in_water": "2024-11-25 02:43:59 +0000"
    },
    "done": true
  },
  "twilightforest:recipes/transportation/mangrove_boat": {
    "criteria": {
      "in_water": "2024-11-25 02:43:59 +0000"
    },
    "done": true
  },
  "aether_redux:recipes/transportation/fieldsproot_boat": {
    "criteria": {
      "in_water": "2024-11-25 02:43:59 +0000"
    },
    "done": true
  },
  "biomesoplenty:recipes/transportation/redwood_boat": {
    "criteria": {
      "in_water": "2024-11-25 02:43:59 +0000"
    },
    "done": true
  },
  "twilightforest:recipes/transportation/canopy_boat": {
    "criteria": {
      "in_water": "2024-11-25 02:43:59 +0000"
    },
    "done": true
  },
  "biomesoplenty:recipes/transportation/palm_boat": {
    "criteria": {
      "in_water": "2024-11-25 02:43:59 +0000"
    },
    "done": true
  },
  "biomesoplenty:recipes/transportation/empyreal_boat": {
    "criteria": {
      "in_water": "2024-11-25 02:43:59 +0000"
    },
    "done": true
  },
  "minecraft:recipes/transportation/bamboo_raft": {
    "criteria": {
      "in_water": "2024-11-25 02:43:59 +0000"
    },
    "done": true
  },
  "boatload:recipes/transportation/warped_boat": {
    "criteria": {
      "in_water": "2024-11-25 02:43:59 +0000"
    },
    "done": true
  },
  "aether_redux:recipes/transportation/blightwillow_boat": {
    "criteria": {
      "in_water": "2024-11-25 02:43:59 +0000"
    },
    "done": true
  },
  "minecraft:recipes/transportation/birch_boat": {
    "criteria": {
      "in_water": "2024-11-25 02:43:59 +0000"
    },
    "done": true
  },
  "minecraft:recipes/transportation/oak_boat": {
    "criteria": {
      "in_water": "2024-11-25 02:43:59 +0000"
    },
    "done": true
  },
  "aether_redux:recipes/transportation/cloudcap_boat": {
    "criteria": {
      "in_water": "2024-11-25 02:43:59 +0000"
    },
    "done": true
  },
  "boatload:recipes/transportation/crimson_boat": {
    "criteria": {
      "in_water": "2024-11-25 02:43:59 +0000"
    },
    "done": true
  },
  "deeperdarker:recipes/transportation/echo_boat": {
    "criteria": {
      "in_water": "2024-11-25 02:43:59 +0000"
    },
    "done": true
  },
  "aether:recipes/transportation/skyroot_boat": {
    "criteria": {
      "in_water": "2024-11-25 02:43:59 +0000"
    },
    "done": true
  },
  "deeperdarker:recipes/transportation/bloom_boat": {
    "criteria": {
      "in_water": "2024-11-25 02:43:59 +0000"
    },
    "done": true
  },
  "minecraft:recipes/transportation/cherry_boat": {
    "criteria": {
      "in_water": "2024-11-25 02:43:59 +0000"
    },
    "done": true
  },
  "minecraft:recipes/transportation/acacia_boat": {
    "criteria": {
      "in_water": "2024-11-25 02:43:59 +0000"
    },
    "done": true
  },
  "minecraft:recipes/transportation/jungle_boat": {
    "criteria": {
      "in_water": "2024-11-25 02:43:59 +0000"
    },
    "done": true
  },
  "twilightforest:recipes/transportation/mining_boat": {
    "criteria": {
      "in_water": "2024-11-25 02:43:59 +0000"
    },
    "done": true
  },
  "biomesoplenty:recipes/transportation/fir_boat": {
    "criteria": {
      "in_water": "2024-11-25 02:43:59 +0000"
    },
    "done": true
  },
  "biomesoplenty:recipes/transportation/maple_boat": {
    "criteria": {
      "in_water": "2024-11-25 02:43:59 +0000"
    },
    "done": true
  },
  "minecraft:recipes/transportation/spruce_boat": {
    "criteria": {
      "in_water": "2024-11-25 02:43:59 +0000"
    },
    "done": true
  },
  "minecraft:recipes/transportation/mangrove_boat": {
    "criteria": {
      "in_water": "2024-11-25 02:43:59 +0000"
    },
    "done": true
  },
  "biomesoplenty:recipes/transportation/hellbark_boat": {
    "criteria": {
      "in_water": "2024-11-25 02:43:59 +0000"
    },
    "done": true
  },
  "biomesoplenty:recipes/transportation/jacaranda_boat": {
    "criteria": {
      "in_water": "2024-11-25 02:43:59 +0000"
    },
    "done": true
  },
  "twilightforest:recipes/transportation/sorting_boat": {
    "criteria": {
      "in_water": "2024-11-25 02:43:59 +0000"
    },
    "done": true
  },
  "aether_redux:recipes/transportation/glacia_boat": {
    "criteria": {
      "in_water": "2024-11-25 02:43:59 +0000"
    },
    "done": true
  },
  "minecraft:recipes/transportation/dark_oak_boat": {
    "criteria": {
      "in_water": "2024-11-25 02:43:59 +0000"
    },
    "done": true
  },
  "biomesoplenty:recipes/transportation/umbran_boat": {
    "criteria": {
      "in_water": "2024-11-25 02:43:59 +0000"
    },
    "done": true
  },
  "twilightforest:recipes/transportation/twilight_oak_boat": {
    "criteria": {
      "in_water": "2024-11-25 02:43:59 +0000"
    },
    "done": true
  },
  "twilightforest:recipes/transportation/time_boat": {
    "criteria": {
      "in_water": "2024-11-25 02:43:59 +0000"
    },
    "done": true
  },
  "aether_redux:recipes/transportation/crystal_boat": {
    "criteria": {
      "in_water": "2024-11-25 02:43:59 +0000"
    },
    "done": true
  },
  "twilightforest:recipes/transportation/transformation_boat": {
    "criteria": {
      "in_water": "2024-11-25 02:43:59 +0000"
    },
    "done": true
  },
  "biomesoplenty:recipes/transportation/mahogany_boat": {
    "criteria": {
      "in_water": "2024-11-25 02:43:59 +0000"
    },
    "done": true
  },
  "twilightforest:recipes/transportation/dark_boat": {
    "criteria": {
      "in_water": "2024-11-25 02:43:59 +0000"
    },
    "done": true
  },
  "aether_redux:recipes/transportation/jellyshroom_boat": {
    "criteria": {
      "in_water": "2024-11-25 02:43:59 +0000"
    },
    "done": true
  },
  "minecraft:nether/brew_potion": {
    "criteria": {
      "potion": "2024-11-25 02:44:14 +0000"
    },
    "done": true
  },
  "minecraft:adventure/adventuring_time": {
    "criteria": {
      "minecraft:beach": "2024-11-25 02:45:59 +0000",
      "minecraft:river": "2024-11-25 02:48:11 +0000"
    },
    "done": false
  },
  "farmersdelight:recipes/cooking/bisque": {
    "criteria": {
      "has_any_ingredient": "2024-11-25 02:46:11 +0000"
    },
    "done": true
  },
  "farmersdelight:recipes/cooking/cooked_crab": {
    "criteria": {
      "has_any_ingredient": "2024-11-25 02:46:11 +0000"
    },
    "done": true
  },
  "farmersdelight:recipes/cooking/crab_cakes": {
    "criteria": {
      "has_any_ingredient": "2024-11-25 02:46:11 +0000"
    },
    "done": true
  },
  "crabbersdelight:recipes/building_blocks/crab_barrel": {
    "criteria": {
      "has_crab": "2024-11-25 02:46:11 +0000"
    },
    "done": true
  },
  "twigs:recipes/bone_meal_from_seashells": {
    "criteria": {
      "has_item": "2024-11-25 02:46:16 +0000"
    },
    "done": true
  },
  "minecraft:recipes/misc/pink_dye_from_peony": {
    "criteria": {
      "has_peony": "2024-11-25 02:47:08 +0000"
    },
    "done": true
  },
  "farmersdelight:recipes/cooking/pasta_with_meatballs": {
    "criteria": {
      "has_any_ingredient": "2024-11-25 02:47:09 +0000"
    },
    "done": true
  },
  "minecraft:recipes/food/cooked_beef_from_smoking": {
    "criteria": {
      "has_beef": "2024-11-25 02:47:09 +0000"
    },
    "done": true
  },
  "minecraft:recipes/food/cooked_beef_from_campfire_cooking": {
    "criteria": {
      "has_beef": "2024-11-25 02:47:09 +0000"
    },
    "done": true
  },
  "minecraft:recipes/food/cooked_beef": {
    "criteria": {
      "has_beef": "2024-11-25 02:47:09 +0000"
    },
    "done": true
  },
  "minecraft:recipes/combat/leather_chestplate": {
    "criteria": {
      "has_leather": "2024-11-25 02:47:18 +0000"
    },
    "done": true
  },
  "aether:recipes/tools/aether_saddle": {
    "criteria": {
      "has_leather": "2024-11-25 02:47:18 +0000"
    },
    "done": true
  },
  "minecraft:recipes/combat/leather_boots": {
    "criteria": {
      "has_leather": "2024-11-25 02:47:18 +0000"
    },
    "done": true
  },
  "aether:recipes/combat/leather_gloves": {
    "criteria": {
      "has_leather": "2024-11-25 02:47:18 +0000"
    },
    "done": true
  },
  "betterend:recipes/misc/leather_to_stripes": {
    "criteria": {
      "has_leather": "2024-11-25 02:47:18 +0000"
    },
    "done": true
  },
  "minecraft:recipes/decorations/item_frame": {
    "criteria": {
      "has_leather": "2024-11-25 02:47:18 +0000"
    },
    "done": true
  },
  "betterend:recipes/misc/copy_leather_handle_attachment": {
    "criteria": {
      "has_leather": "2024-11-25 02:47:18 +0000"
    },
    "done": true
  },
  "minecraft:recipes/combat/leather_helmet": {
    "criteria": {
      "has_leather": "2024-11-25 02:47:18 +0000"
    },
    "done": true
  },
  "minecraft:recipes/misc/leather_horse_armor": {
    "criteria": {
      "has_leather": "2024-11-25 02:47:18 +0000"
    },
    "done": true
  },
  "minecraft:recipes/combat/leather_leggings": {
    "criteria": {
      "has_leather": "2024-11-25 02:47:18 +0000"
    },
    "done": true
  },
  "supplementaries:recipes/bellows": {
    "criteria": {
      "has_leather": "2024-11-25 02:47:18 +0000"
    },
    "done": true
  },
  "minecraft:husbandry/balanced_diet": {
    "criteria": {
      "beef": "2024-11-25 02:47:22 +0000",
      "apple": "2024-11-25 02:48:55 +0000",
      "potato": "2024-11-25 02:47:49 +0000",
      "bread": "2024-11-25 02:50:47 +0000"
    },
    "done": false
  },
  "minecraft:husbandry/root": {
    "criteria": {
      "consumed_item": "2024-11-25 02:47:22 +0000"
    },
    "done": true
  },
  "twigs:recipes/rocky_dirt": {
    "criteria": {
      "has_item": "2024-11-25 02:47:58 +0000"
    },
    "done": true
  },
  "twigs:recipes/cobblestone_from_pebble": {
    "criteria": {
      "has_item": "2024-11-25 02:47:58 +0000"
    },
    "done": true
  },
  "minecraft:recipes/redstone/lectern": {
    "criteria": {
      "has_book": "2024-11-25 02:48:43 +0000"
    },
    "done": true
  },
  "betterend:recipes/misc/guide_book": {
    "criteria": {
      "has_book": "2024-11-25 02:48:43 +0000"
    },
    "done": true
  },
  "betterend:recipes/building_blocks/dragon_tree_bookshelf": {
    "criteria": {
      "has_book": "2024-11-25 02:48:43 +0000"
    },
    "done": true
  },
  "betterend:recipes/building_blocks/mossy_glowshroom_bookshelf": {
    "criteria": {
      "has_book": "2024-11-25 02:48:43 +0000"
    },
    "done": true
  },
  "betterend:recipes/building_blocks/umbrella_tree_bookshelf": {
    "criteria": {
      "has_book": "2024-11-25 02:48:43 +0000"
    },
    "done": true
  },
  "betterend:recipes/misc/infinity_book": {
    "criteria": {
      "has_item.minecraft.book": "2024-11-25 02:48:43 +0000"
    },
    "done": true
  },
  "aether:recipes/redstone/skyroot_lectern": {
    "criteria": {
      "has_book": "2024-11-25 02:48:43 +0000"
    },
    "done": true
  },
  "betterend:recipes/misc/fire_protection_book": {
    "criteria": {
      "has_item.minecraft.book": "2024-11-25 02:48:43 +0000"
    },
    "done": true
  },
  "minecraft:recipes/building_blocks/jellyshroom_planks_to_skyroot_bookshelf": {
    "criteria": {
      "has_book": "2024-11-25 02:48:43 +0000"
    },
    "done": true
  },
  "betterend:recipes/misc/flame_book": {
    "criteria": {
      "has_item.minecraft.book": "2024-11-25 02:48:43 +0000"
    },
    "done": true
  },
  "betterend:recipes/misc/lure_book": {
    "criteria": {
      "has_item.minecraft.book": "2024-11-25 02:48:43 +0000"
    },
    "done": true
  },
  "betterend:recipes/misc/swift_sneak_book": {
    "criteria": {
      "has_item.minecraft.book": "2024-11-25 02:48:43 +0000"
    },
    "done": true
  },
  "minecraft:recipes/misc/writable_book": {
    "criteria": {
      "has_book": "2024-11-25 02:48:43 +0000"
    },
    "done": true
  },
  "betterend:recipes/misc/protection_book": {
    "criteria": {
      "has_item.minecraft.book": "2024-11-25 02:48:43 +0000"
    },
    "done": true
  },
  "betterend:recipes/building_blocks/pythadendron_bookshelf": {
    "criteria": {
      "has_book": "2024-11-25 02:48:43 +0000"
    },
    "done": true
  },
  "minecraft:recipes/building_blocks/crystal_planks_to_skyroot_bookshelf": {
    "criteria": {
      "has_book": "2024-11-25 02:48:43 +0000"
    },
    "done": true
  },
  "betterend:recipes/misc/knockback_book": {
    "criteria": {
      "has_item.minecraft.book": "2024-11-25 02:48:43 +0000"
    },
    "done": true
  },
  "betternether:recipes/building_blocks/stalagnate_bookshelf": {
    "criteria": {
      "has_book": "2024-11-25 02:48:43 +0000"
    },
    "done": true
  },
  "betterend:recipes/misc/fortune_book": {
    "criteria": {
      "has_item.minecraft.book": "2024-11-25 02:48:43 +0000"
    },
    "done": true
  },
  "betterend:recipes/building_blocks/lucernia_bookshelf": {
    "criteria": {
      "has_book": "2024-11-25 02:48:43 +0000"
    },
    "done": true
  },
  "aether:recipes/misc/book_of_lore": {
    "criteria": {
      "has_book": "2024-11-25 02:48:43 +0000"
    },
    "done": true
  },
  "betterend:recipes/misc/aqua_affinity_book": {
    "criteria": {
      "has_item.minecraft.book": "2024-11-25 02:48:43 +0000"
    },
    "done": true
  },
  "betterend:recipes/misc/fire_aspect_book": {
    "criteria": {
      "has_item.minecraft.book": "2024-11-25 02:48:43 +0000"
    },
    "done": true
  },
  "blue_skies:recipes/building_blocks/comet_bookshelf": {
    "criteria": {
      "has_item": "2024-11-25 02:48:43 +0000"
    },
    "done": true
  },
  "betternether:recipes/building_blocks/nether_mushroom_bookshelf": {
    "criteria": {
      "has_book": "2024-11-25 02:48:43 +0000"
    },
    "done": true
  },
  "betterend:recipes/misc/respiration_book": {
    "criteria": {
      "has_item.minecraft.book": "2024-11-25 02:48:43 +0000"
    },
    "done": true
  },
  "betterend:recipes/misc/soul_speed_book": {
    "criteria": {
      "has_item.minecraft.book": "2024-11-25 02:48:43 +0000"
    },
    "done": true
  },
  "betterend:recipes/misc/looting_book": {
    "criteria": {
      "has_item.minecraft.book": "2024-11-25 02:48:43 +0000"
    },
    "done": true
  },
  "betterend:recipes/misc/depth_strider_book": {
    "criteria": {
      "has_item.minecraft.book": "2024-11-25 02:48:43 +0000"
    },
    "done": true
  },
  "betterend:recipes/misc/unbreaking_book": {
    "criteria": {
      "has_item.minecraft.book": "2024-11-25 02:48:43 +0000"
    },
    "done": true
  },
  "betterend:recipes/misc/loyalty_book": {
    "criteria": {
      "has_item.minecraft.book": "2024-11-25 02:48:43 +0000"
    },
    "done": true
  },
  "betternether:recipes/building_blocks/willow_bookshelf": {
    "criteria": {
      "has_book": "2024-11-25 02:48:43 +0000"
    },
    "done": true
  },
  "betternether:recipes/building_blocks/rubeus_bookshelf": {
    "criteria": {
      "has_book": "2024-11-25 02:48:43 +0000"
    },
    "done": true
  },
  "betterend:recipes/building_blocks/jellyshroom_bookshelf": {
    "criteria": {
      "has_book": "2024-11-25 02:48:43 +0000"
    },
    "done": true
  },
  "betterend:recipes/misc/power_book": {
    "criteria": {
      "has_item.minecraft.book": "2024-11-25 02:48:43 +0000"
    },
    "done": true
  },
  "betterend:recipes/misc/smite_book": {
    "criteria": {
      "has_item.minecraft.book": "2024-11-25 02:48:43 +0000"
    },
    "done": true
  },
  "minecraft:recipes/building_blocks/fieldsproot_planks_to_skyroot_bookshelf": {
    "criteria": {
      "has_book": "2024-11-25 02:48:43 +0000"
    },
    "done": true
  },
  "betternether:recipes/building_blocks/nether_sakura_bookshelf": {
    "criteria": {
      "has_book": "2024-11-25 02:48:43 +0000"
    },
    "done": true
  },
  "blue_skies:recipes/building_blocks/frostbright_bookshelf": {
    "criteria": {
      "has_item": "2024-11-25 02:48:43 +0000"
    },
    "done": true
  },
  "betterend:recipes/misc/quick_charge_book": {
    "criteria": {
      "has_item.minecraft.book": "2024-11-25 02:48:43 +0000"
    },
    "done": true
  },
  "betternether:recipes/building_blocks/nether_reed_bookshelf": {
    "criteria": {
      "has_book": "2024-11-25 02:48:43 +0000"
    },
    "done": true
  },
  "betterend:recipes/misc/channeling_book": {
    "criteria": {
      "has_item.minecraft.book": "2024-11-25 02:48:43 +0000"
    },
    "done": true
  },
  "betterend:recipes/building_blocks/end_lotus_bookshelf": {
    "criteria": {
      "has_book": "2024-11-25 02:48:43 +0000"
    },
    "done": true
  },
  "minecraft:recipes/building_blocks/glacia_planks_to_skyroot_bookshelf": {
    "criteria": {
      "has_book": "2024-11-25 02:48:43 +0000"
    },
    "done": true
  },
  "betterend:recipes/misc/frost_walker_book": {
    "criteria": {
      "has_item.minecraft.book": "2024-11-25 02:48:43 +0000"
    },
    "done": true
  },
  "minecraft:recipes/building_blocks/cloudcap_planks_to_skyroot_bookshelf": {
    "criteria": {
      "has_book": "2024-11-25 02:48:43 +0000"
    },
    "done": true
  },
  "betternether:recipes/building_blocks/mushroom_fir_bookshelf": {
    "criteria": {
      "has_book": "2024-11-25 02:48:43 +0000"
    },
    "done": true
  },
  "betterend:recipes/building_blocks/lacugrove_bookshelf": {
    "criteria": {
      "has_book": "2024-11-25 02:48:43 +0000"
    },
    "done": true
  },
  "betternether:recipes/building_blocks/crimson_bookshelf": {
    "criteria": {
      "has_book": "2024-11-25 02:48:43 +0000"
    },
    "done": true
  },
  "betterend:recipes/misc/punch_book": {
    "criteria": {
      "has_item.minecraft.book": "2024-11-25 02:48:43 +0000"
    },
    "done": true
  },
  "minecraft:recipes/building_blocks/bookshelf": {
    "criteria": {
      "has_book": "2024-11-25 02:48:43 +0000"
    },
    "done": true
  },
  "blue_skies:recipes/building_blocks/starlit_bookshelf": {
    "criteria": {
      "has_item": "2024-11-25 02:48:43 +0000"
    },
    "done": true
  },
  "betterend:recipes/building_blocks/tenanea_bookshelf": {
    "criteria": {
      "has_book": "2024-11-25 02:48:43 +0000"
    },
    "done": true
  },
  "blue_skies:recipes/building_blocks/dusk_bookshelf": {
    "criteria": {
      "has_item": "2024-11-25 02:48:43 +0000"
    },
    "done": true
  },
  "betterend:recipes/misc/efficiency_book": {
    "criteria": {
      "has_item.minecraft.book": "2024-11-25 02:48:43 +0000"
    },
    "done": true
  },
  "betterend:recipes/building_blocks/helix_tree_bookshelf": {
    "criteria": {
      "has_book": "2024-11-25 02:48:43 +0000"
    },
    "done": true
  },
  "minecraft:recipes/building_blocks/chiseled_bookshelf": {
    "criteria": {
      "has_book": "2024-11-25 02:48:43 +0000"
    },
    "done": true
  },
  "betterend:recipes/misc/blast_protection_book": {
    "criteria": {
      "has_item.minecraft.book": "2024-11-25 02:48:43 +0000"
    },
    "done": true
  },
  "betternether:recipes/building_blocks/anchor_tree_bookshelf": {
    "criteria": {
      "has_book": "2024-11-25 02:48:43 +0000"
    },
    "done": true
  },
  "aether:recipes/building_blocks/skyroot_bookshelf": {
    "criteria": {
      "has_book": "2024-11-25 02:48:43 +0000"
    },
    "done": true
  },
  "betternether:recipes/building_blocks/warped_bookshelf": {
    "criteria": {
      "has_book": "2024-11-25 02:48:43 +0000"
    },
    "done": true
  },
  "blue_skies:recipes/building_blocks/lunar_bookshelf": {
    "criteria": {
      "has_item": "2024-11-25 02:48:43 +0000"
    },
    "done": true
  },
  "betterend:recipes/misc/silk_touch_book": {
    "criteria": {
      "has_item.minecraft.book": "2024-11-25 02:48:43 +0000"
    },
    "done": true
  },
  "betterend:recipes/misc/luck_of_sea_book": {
    "criteria": {
      "has_item.minecraft.book": "2024-11-25 02:48:43 +0000"
    },
    "done": true
  },
  "minecraft:recipes/building_blocks/blightwillow_planks_to_skyroot_bookshelf": {
    "criteria": {
      "has_book": "2024-11-25 02:48:43 +0000"
    },
    "done": true
  },
  "betterend:recipes/misc/piercing_book": {
    "criteria": {
      "has_item.minecraft.book": "2024-11-25 02:48:43 +0000"
    },
    "done": true
  },
  "betterend:recipes/misc/impaling_book": {
    "criteria": {
      "has_item.minecraft.book": "2024-11-25 02:48:43 +0000"
    },
    "done": true
  },
  "blue_skies:recipes/building_blocks/maple_bookshelf": {
    "criteria": {
      "has_item": "2024-11-25 02:48:43 +0000"
    },
    "done": true
  },
  "betterend:recipes/misc/riptide_book": {
    "criteria": {
      "has_item.minecraft.book": "2024-11-25 02:48:43 +0000"
    },
    "done": true
  },
  "handcrafted:recipes/misc/stackable_book": {
    "criteria": {
      "has_stackable_book": "2024-11-25 02:48:43 +0000"
    },
    "done": true
  },
  "betterend:recipes/misc/sharpness_book": {
    "criteria": {
      "has_item.minecraft.book": "2024-11-25 02:48:43 +0000"
    },
    "done": true
  },
  "betterend:recipes/misc/mending_book": {
    "criteria": {
      "has_item.minecraft.book": "2024-11-25 02:48:43 +0000"
    },
    "done": true
  },
  "betterend:recipes/misc/feather_falling_book": {
    "criteria": {
      "has_item.minecraft.book": "2024-11-25 02:48:43 +0000"
    },
    "done": true
  },
  "betternether:recipes/building_blocks/wart_bookshelf": {
    "criteria": {
      "has_book": "2024-11-25 02:48:43 +0000"
    },
    "done": true
  },
  "betterend:recipes/misc/projectile_protection_book": {
    "criteria": {
      "has_item.minecraft.book": "2024-11-25 02:48:43 +0000"
    },
    "done": true
  },
  "betterend:recipes/misc/sweeping_book": {
    "criteria": {
      "has_item.minecraft.book": "2024-11-25 02:48:43 +0000"
    },
    "done": true
  },
  "blue_skies:recipes/building_blocks/bluebright_bookshelf": {
    "criteria": {
      "has_item": "2024-11-25 02:48:43 +0000"
    },
    "done": true
  },
  "betterend:recipes/misc/bane_of_arthropods_book": {
    "criteria": {
      "has_item.minecraft.book": "2024-11-25 02:48:43 +0000"
    },
    "done": true
  },
  "betterend:recipes/misc/thorns_book": {
    "criteria": {
      "has_item.minecraft.book": "2024-11-25 02:48:43 +0000"
    },
    "done": true
  },
  "betterend:recipes/misc/multishot_book": {
    "criteria": {
      "has_item.minecraft.book": "2024-11-25 02:48:43 +0000"
    },
    "done": true
  },
  "minecraft:recipes/decorations/chest": {
    "criteria": {
      "has_lots_of_items": "2024-11-25 02:49:53 +0000"
    },
    "done": true
  },
  "decorative_blocks:recipes/building_blocks/oak_palisade": {
    "criteria": {
      "has_log": "2024-11-25 02:49:53 +0000"
    },
    "done": true
  },
  "minecraft:recipes/misc/charcoal": {
    "criteria": {
      "has_log": "2024-11-25 02:49:53 +0000"
    },
    "done": true
  },
  "naturescompass:natures_compass_sapling": {
    "criteria": {
      "has_recipe": "2024-11-25 02:49:53 +0000"
    },
    "done": true
  },
  "minecraft:recipes/building_blocks/oak_planks": {
    "criteria": {
      "has_logs": "2024-11-25 02:49:53 +0000"
    },
    "done": true
  },
  "naturescompass:natures_compass": {
    "criteria": {
      "has_recipe": "2024-11-25 02:49:53 +0000"
    },
    "done": true
  },
  "naturescompass:natures_compass_log": {
    "criteria": {
      "has_log": "2024-11-25 02:49:53 +0000"
    },
    "done": true
  },
  "minecraft:recipes/building_blocks/oak_wood": {
    "criteria": {
      "has_log": "2024-11-25 02:49:53 +0000"
    },
    "done": true
  },
  "aether:recipes/decorations/skyroot_chest": {
    "criteria": {
      "has_lots_of_items": "2024-11-25 02:49:53 +0000"
    },
    "done": true
  },
  "aether:recipes/decorations/skyroot_loom": {
    "criteria": {
      "has_string": "2024-11-25 02:51:31 +0000"
    },
    "done": true
  },
  "minecraft:recipes/combat/bow": {
    "criteria": {
      "has_string": "2024-11-25 02:51:31 +0000"
    },
    "done": true
  },
  "supplementaries:recipes/bomb": {
    "criteria": {
      "has_string": "2024-11-25 02:51:31 +0000"
    },
    "done": true
  },
  "supplementaries:recipes/sack": {
    "criteria": {
      "has_string": "2024-11-25 02:51:31 +0000"
    },
    "done": true
  },
  "minecraft:recipes/tools/fishing_rod": {
    "criteria": {
      "has_string": "2024-11-25 02:51:31 +0000"
    },
    "done": true
  },
  "minecraft:recipes/building_blocks/white_wool_from_string": {
    "criteria": {
      "has_string": "2024-11-25 02:51:31 +0000"
    },
    "done": true
  },
  "minecraft:recipes/decorations/loom": {
    "criteria": {
      "has_string": "2024-11-25 02:51:31 +0000"
    },
    "done": true
  },
  "minecraft:recipes/redstone/tripwire_hook": {
    "criteria": {
      "has_string": "2024-11-25 02:51:31 +0000"
    },
    "done": true
  },
  "minecraft:recipes/decorations/candle": {
    "criteria": {
      "has_string": "2024-11-25 02:51:31 +0000"
    },
    "done": true
  },
  "aether:recipes/redstone/skyroot_tripwire_hook": {
    "criteria": {
      "has_string": "2024-11-25 02:51:31 +0000"
    },
    "done": true
  },
  "supplementaries:recipes/slingshot": {
    "criteria": {
      "has_string": "2024-11-25 02:51:31 +0000"
    },
    "done": true
  },
  "minecraft:recipes/combat/crossbow": {
    "criteria": {
      "has_string": "2024-11-25 02:51:31 +0000"
    },
    "done": true
  },
  "minecraft:adventure/kill_a_mob": {
    "criteria": {
      "minecraft:cave_spider": "2024-11-25 02:51:56 +0000"
    },
    "done": true
  },
  "minecraft:adventure/kill_all_mobs": {
    "criteria": {
      "minecraft:cave_spider": "2024-11-25 02:51:56 +0000"
    },
    "done": false
  },
  "handcrafted:recipes/misc/bear_trophy": {
    "criteria": {
      "has_bear_trophy": "2024-11-25 02:52:04 +0000"
    },
    "done": true
  },
  "minecraft:recipes/building_blocks/oak_slab": {
    "criteria": {
      "has_planks": "2024-11-25 02:52:04 +0000"
    },
    "done": true
  },
  "twigs:recipes/tables/oak_table": {
    "criteria": {
      "has_bamboo": "2024-11-25 02:52:04 +0000"
    },
    "done": true
  },
  "minecraft:recipes/redstone/oak_door": {
    "criteria": {
      "has_planks": "2024-11-25 02:52:04 +0000"
    },
    "done": true
  },
  "handcrafted:recipes/misc/goat_trophy": {
    "criteria": {
      "has_goat_trophy": "2024-11-25 02:52:04 +0000"
    },
    "done": true
  },
  "supplementaries:recipes/turn_table": {
    "criteria": {
      "minecraft:planks": "2024-11-25 02:52:04 +0000"
    },
    "done": true
  },
  "decorative_blocks:recipes/building_blocks/oak_seat": {
    "criteria": {
      "has_plank": "2024-11-25 02:52:04 +0000"
    },
    "done": true
  },
  "handcrafted:recipes/misc/blaze_trophy": {
    "criteria": {
      "has_blaze_trophy": "2024-11-25 02:52:04 +0000"
    },
    "done": true
  },
  "handcrafted:recipes/misc/wolf_trophy": {
    "criteria": {
      "has_wolf_trophy": "2024-11-25 02:52:04 +0000"
    },
    "done": true
  },
  "handcrafted:recipes/misc/oak_bench": {
    "criteria": {
      "has_oak_bench": "2024-11-25 02:52:04 +0000"
    },
    "done": true
  },
  "decorative_blocks:recipes/building_blocks/oak_support": {
    "criteria": {
      "has_plank": "2024-11-25 02:52:04 +0000"
    },
    "done": true
  },
  "supplementaries:recipes/notice_board": {
    "criteria": {
      "minecraft:planks": "2024-11-25 02:52:04 +0000"
    },
    "done": true
  },
  "handcrafted:recipes/misc/oak_cupboard": {
    "criteria": {
      "has_oak_cupboard": "2024-11-25 02:52:04 +0000"
    },
    "done": true
  },
  "handcrafted:recipes/misc/skeleton_horse_trophy": {
    "criteria": {
      "has_skeleton_horse_trophy": "2024-11-25 02:52:04 +0000"
    },
    "done": true
  },
  "handcrafted:recipes/misc/oak_nightstand": {
    "criteria": {
      "has_oak_nightstand": "2024-11-25 02:52:04 +0000"
    },
    "done": true
  },
  "another_furniture:recipes/oak_chair": {
    "criteria": {
      "has_planks": "2024-11-25 02:52:04 +0000"
    },
    "done": true
  },
  "handcrafted:recipes/misc/oak_fancy_bed": {
    "criteria": {
      "has_oak_fancy_bed": "2024-11-25 02:52:04 +0000"
    },
    "done": true
  },
  "handcrafted:recipes/misc/oak_table": {
    "criteria": {
      "has_oak_table": "2024-11-25 02:52:04 +0000"
    },
    "done": true
  },
  "handcrafted:recipes/misc/silverfish_trophy": {
    "criteria": {
      "has_silverfish_trophy": "2024-11-25 02:52:04 +0000"
    },
    "done": true
  },
  "handcrafted:recipes/misc/oak_dining_bench": {
    "criteria": {
      "has_oak_dining_bench": "2024-11-25 02:52:04 +0000"
    },
    "done": true
  },
  "supplementaries:recipes/clock_block": {
    "criteria": {
      "minecraft:planks": "2024-11-25 02:52:04 +0000"
    },
    "done": true
  },
  "bclib:recipes/redstone/tag_piston": {
    "criteria": {
      "has_tag_minecraft_planks": "2024-11-25 02:52:04 +0000"
    },
    "done": true
  },
  "bclib:recipes/decorations/tag_smith_table": {
    "criteria": {
      "has_tag_minecraft_planks": "2024-11-25 02:52:04 +0000"
    },
    "done": true
  },
  "minecraft:recipes/building_blocks/oak_stairs": {
    "criteria": {
      "has_planks": "2024-11-25 02:52:04 +0000"
    },
    "done": true
  },
  "minecraft:recipes/decorations/oak_fence": {
    "criteria": {
      "has_planks": "2024-11-25 02:52:04 +0000"
    },
    "done": true
  },
  "supplementaries:recipes/speaker_block": {
    "criteria": {
      "minecraft:planks": "2024-11-25 02:52:04 +0000"
    },
    "done": true
  },
  "hearth_and_home:recipes/lattices": {
    "criteria": {
      "has_item": "2024-11-25 02:52:04 +0000"
    },
    "done": true
  },
  "handcrafted:recipes/misc/fox_trophy": {
    "criteria": {
      "has_fox_trophy": "2024-11-25 02:52:04 +0000"
    },
    "done": true
  },
  "hearth_and_home:recipes/oak_sanded_wood": {
    "criteria": {
      "has_item": "2024-11-25 02:52:04 +0000"
    },
    "done": true
  },
  "handcrafted:recipes/misc/tropical_fish_trophy": {
    "criteria": {
      "has_tropical_fish_trophy": "2024-11-25 02:52:04 +0000"
    },
    "done": true
  },
  "betternether:recipes/combat/shield": {
    "criteria": {
      "has_tag_minecraft_planks": "2024-11-25 02:52:04 +0000"
    },
    "done": true
  },
  "handcrafted:recipes/misc/oak_pillar_trim": {
    "criteria": {
      "has_oak_pillar_trim": "2024-11-25 02:52:04 +0000"
    },
    "done": true
  },
  "handcrafted:recipes/misc/pufferfish_trophy": {
    "criteria": {
      "has_pufferfish_trophy": "2024-11-25 02:52:04 +0000"
    },
    "done": true
  },
  "hearth_and_home:recipes/oak_parquet": {
    "criteria": {
      "has_item": "2024-11-25 02:52:04 +0000"
    },
    "done": true
  },
  "another_furniture:recipes/oak_table": {
    "criteria": {
      "has_planks": "2024-11-25 02:52:04 +0000"
    },
    "done": true
  },
  "handcrafted:recipes/misc/oak_side_table": {
    "criteria": {
      "has_oak_side_table": "2024-11-25 02:52:04 +0000"
    },
    "done": true
  },
  "supplementaries:recipes/pulley": {
    "criteria": {
      "minecraft:planks": "2024-11-25 02:52:04 +0000"
    },
    "done": true
  },
  "minecraft:recipes/misc/stick": {
    "criteria": {
      "has_planks": "2024-11-25 02:52:04 +0000"
    },
    "done": true
  },
  "handcrafted:recipes/misc/oak_drawer": {
    "criteria": {
      "has_oak_drawer": "2024-11-25 02:52:04 +0000"
    },
    "done": true
  },
  "handcrafted:recipes/misc/oak_shelf": {
    "criteria": {
      "has_oak_shelf": "2024-11-25 02:52:04 +0000"
    },
    "done": true
  },
  "handcrafted:recipes/misc/oak_counter": {
    "criteria": {
      "has_oak_counter": "2024-11-25 02:52:04 +0000"
    },
    "done": true
  },
  "minecraft:recipes/redstone/oak_trapdoor": {
    "criteria": {
      "has_planks": "2024-11-25 02:52:04 +0000"
    },
    "done": true
  },
  "supplementaries:recipes/bed_from_feather_block": {
    "criteria": {
      "minecraft:planks": "2024-11-25 02:52:04 +0000"
    },
    "done": true
  },
  "hearth_and_home:recipes/trims": {
    "criteria": {
      "has_item": "2024-11-25 02:52:04 +0000"
    },
    "done": true
  },
  "handcrafted:recipes/misc/oak_couch": {
    "criteria": {
      "has_oak_couch": "2024-11-25 02:52:04 +0000"
    },
    "done": true
  },
  "handcrafted:recipes/misc/spider_trophy": {
    "criteria": {
      "has_spider_trophy": "2024-11-25 02:52:04 +0000"
    },
    "done": true
  },
  "handcrafted:recipes/misc/oak_chair": {
    "criteria": {
      "has_oak_chair": "2024-11-25 02:52:04 +0000"
    },
    "done": true
  },
  "another_furniture:recipes/oak_shelf": {
    "criteria": {
      "has_planks": "2024-11-25 02:52:04 +0000"
    },
    "done": true
  },
  "minecraft:recipes/redstone/oak_pressure_plate": {
    "criteria": {
      "has_planks": "2024-11-25 02:52:04 +0000"
    },
    "done": true
  },
  "hearth_and_home:recipes/oak_lattice": {
    "criteria": {
      "has_item": "2024-11-25 02:52:04 +0000"
    },
    "done": true
  },
  "handcrafted:recipes/misc/wither_skeleton_trophy": {
    "criteria": {
      "has_wither_skeleton_trophy": "2024-11-25 02:52:04 +0000"
    },
    "done": true
  },
  "minecraft:recipes/decorations/oak_sign": {
    "criteria": {
      "has_planks": "2024-11-25 02:52:04 +0000"
    },
    "done": true
  },
  "betternether:recipes/redstone/piston": {
    "criteria": {
      "has_tag_minecraft_planks": "2024-11-25 02:52:04 +0000"
    },
    "done": true
  },
  "supplementaries:recipes/lock_block": {
    "criteria": {
      "minecraft:planks": "2024-11-25 02:52:04 +0000"
    },
    "done": true
  },
  "handcrafted:recipes/misc/oak_corner_trim": {
    "criteria": {
      "has_oak_corner_trim": "2024-11-25 02:52:04 +0000"
    },
    "done": true
  },
  "handcrafted:recipes/misc/salmon_trophy": {
    "criteria": {
      "has_salmon_trophy": "2024-11-25 02:52:04 +0000"
    },
    "done": true
  },
  "hearth_and_home:recipes/parquets": {
    "criteria": {
      "has_item": "2024-11-25 02:52:04 +0000"
    },
    "done": true
  },
  "minecraft:recipes/redstone/oak_fence_gate": {
    "criteria": {
      "has_planks": "2024-11-25 02:52:04 +0000"
    },
    "done": true
  },
  "handcrafted:recipes/misc/oak_desk": {
    "criteria": {
      "has_oak_desk": "2024-11-25 02:52:04 +0000"
    },
    "done": true
  },
  "hearth_and_home:recipes/oak_vertical_trim": {
    "criteria": {
      "has_the_recipe": "2024-11-25 02:52:04 +0000"
    },
    "done": true
  },
  "minecraft:recipes/decorations/barrel": {
    "criteria": {
      "has_planks": "2024-11-25 02:52:04 +0000"
    },
    "done": true
  },
  "hearth_and_home:recipes/oak_trim": {
    "criteria": {
      "has_item": "2024-11-25 02:52:04 +0000"
    },
    "done": true
  },
  "bclib:recipes/combat/tag_shield": {
    "criteria": {
      "has_tag_minecraft_planks": "2024-11-25 02:52:04 +0000"
    },
    "done": true
  },
  "hearth_and_home:recipes/sanded_wood": {
    "criteria": {
      "has_item": "2024-11-25 02:52:04 +0000"
    },
    "done": true
  },
  "minecraft:recipes/redstone/oak_button": {
    "criteria": {
      "has_planks": "2024-11-25 02:52:04 +0000"
    },
    "done": true
  },
  "twigs:recipes/cobblestone_bricks/cobblestone_brick_stairs_from_cobblestone_stonecutting": {
    "criteria": {
      "has_item": "2024-11-25 03:30:31 +0000"
    },
    "done": true
  },
  "minecraft:recipes/building_blocks/cobblestone_slab": {
    "criteria": {
      "has_cobblestone": "2024-11-25 03:30:31 +0000"
    },
    "done": true
  },
  "minecraft:recipes/building_blocks/cobblestone_stairs": {
    "criteria": {
      "has_cobblestone": "2024-11-25 03:30:31 +0000"
    },
    "done": true
  },
  "minecraft:recipes/transportation/powered_rail": {
    "criteria": {
      "has_rail": "2024-11-25 03:29:51 +0000"
    },
    "done": true
  },
  "minecraft:recipes/combat/stone_sword": {
    "criteria": {
      "has_cobblestone": "2024-11-25 03:30:31 +0000"
    },
    "done": true
  },
  "minecraft:recipes/decorations/cobblestone_wall": {
    "criteria": {
      "has_cobblestone": "2024-11-25 03:30:31 +0000"
    },
    "done": true
  },
  "minecraft:recipes/tools/stone_axe": {
    "criteria": {
      "has_cobblestone": "2024-11-25 03:30:31 +0000"
    },
    "done": true
  },
  "twigs:recipes/cobblestone_bricks/cobblestone_bricks_stonecutting": {
    "criteria": {
      "has_item": "2024-11-25 03:30:31 +0000"
    },
    "done": true
  },
  "minecraft:recipes/transportation/detector_rail": {
    "criteria": {
      "has_rail": "2024-11-25 03:29:51 +0000"
    },
    "done": true
  },
  "minecraft:recipes/tools/wooden_pickaxe": {
    "criteria": {
      "has_the_recipe": "2024-11-25 03:30:18 +0000"
    },
    "done": true
  },
  "minecraft:story/upgrade_tools": {
    "criteria": {
      "stone_pickaxe": "2024-11-25 03:31:00 +0000"
    },
    "done": true
  },
  "twigs:recipes/cobblestone_bricks/cobblestone_brick_wall_from_cobblestone_stonecutting": {
    "criteria": {
      "has_item": "2024-11-25 03:30:31 +0000"
    },
    "done": true
  },
  "minecraft:story/mine_stone": {
    "criteria": {
      "get_stone": "2024-11-25 03:30:31 +0000"
    },
    "done": true
  },
  "minecraft:recipes/decorations/furnace": {
    "criteria": {
      "has_cobblestone": "2024-11-25 03:30:31 +0000"
    },
    "done": true
  },
  "aether:recipes/tools/stone_pickaxe_repairing": {
    "criteria": {
      "has_stone_pickaxe": "2024-11-25 03:31:00 +0000"
    },
    "done": true
  },
  "minecraft:recipes/transportation/activator_rail": {
    "criteria": {
      "has_rail": "2024-11-25 03:29:51 +0000"
    },
    "done": true
  },
  "minecraft:recipes/tools/stone_shovel": {
    "criteria": {
      "has_cobblestone": "2024-11-25 03:30:31 +0000"
    },
    "done": true
  },
  "minecraft:recipes/building_blocks/cobblestone_stairs_from_cobblestone_stonecutting": {
    "criteria": {
      "has_cobblestone": "2024-11-25 03:30:31 +0000"
    },
    "done": true
  },
  "minecraft:recipes/tools/stone_hoe": {
    "criteria": {
      "has_cobblestone": "2024-11-25 03:30:31 +0000"
    },
    "done": true
  },
  "minecraft:story/root": {
    "criteria": {
      "crafting_table": "2024-11-25 03:30:02 +0000"
    },
    "done": true
  },
  "minecraft:recipes/decorations/cobblestone_wall_from_cobblestone_stonecutting": {
    "criteria": {
      "has_cobblestone": "2024-11-25 03:30:31 +0000"
    },
    "done": true
  },
  "minecraft:recipes/redstone/lever": {
    "criteria": {
      "has_cobblestone": "2024-11-25 03:30:31 +0000"
    },
    "done": true
  },
  "supplementaries:recipes/checker": {
    "criteria": {
      "has_cobblestone": "2024-11-25 03:30:31 +0000"
    },
    "done": true
  },
  "twigs:recipes/cobblestone_bricks/cobblestone_brick_slab_from_cobblestone_stonecutting": {
    "criteria": {
      "has_item": "2024-11-25 03:30:31 +0000"
    },
    "done": true
  },
  "twigs:recipes/cobblestone_bricks/cobblestone_bricks": {
    "criteria": {
      "has_item": "2024-11-25 03:30:31 +0000"
    },
    "done": true
  },
  "minecraft:recipes/building_blocks/cobblestone_slab_from_cobblestone_stonecutting": {
    "criteria": {
      "has_cobblestone": "2024-11-25 03:30:31 +0000"
    },
    "done": true
  },
  "minecraft:recipes/building_blocks/stone": {
    "criteria": {
      "has_cobblestone": "2024-11-25 03:30:31 +0000"
    },
    "done": true
  },
  "aether:recipes/tools/wooden_pickaxe_repairing": {
    "criteria": {
      "has_wooden_pickaxe": "2024-11-25 03:30:18 +0000"
    },
    "done": true
  },
  "minecraft:recipes/tools/stone_pickaxe": {
    "criteria": {
      "has_cobblestone": "2024-11-25 03:30:31 +0000"
    },
    "done": true
  },
  "minecraft:recipes/decorations/torch": {
    "criteria": {
      "has_stone_pickaxe": "2024-11-25 03:31:00 +0000"
    },
    "done": true
  },
  "DataVersion": 3465
}